source_paper,figure_ref,surface_id,surface_label,fluid,delta_T_wall,delta_T_sub,q_flux,Ra_um,theta_deg,category,ONB_flag,r_c_um,notes
BETZ_2013,Fig4_Hydrophilic,SFC-001,BETZ_Hydrophilic,water,10.4049,0.0,171745.15,0.001,20.0,betz,True,2.3131318906589198,ONB_manual (preserved)
BETZ_2013,Fig4_Hydrophilic,SFC-001,BETZ_Hydrophilic,water,11.7713,0.0,186980.61,0.001,20.0,betz,False,2.3131318906589198,
BETZ_2013,Fig4_Hydrophilic,SFC-001,BETZ_Hydrophilic,water,12.2874,0.0,182825.48,0.001,20.0,betz,False,2.3131318906589198,FLAG: non-monotonic at idx 2
BETZ_2013,Fig4_Hydrophilic,SFC-001,BETZ_Hydrophilic,water,12.7126,0.0,191135.73,0.001,20.0,betz,False,2.3131318906589198,
BETZ_2013,Fig4_Hydrophilic,SFC-001,BETZ_Hydrophilic,water,13.7449,0.0,196675.9,0.001,20.0,betz,False,2.3131318906589198,
BETZ_2013,Fig4_Hydrophilic,SFC-001,BETZ_Hydrophilic,water,14.1093,0.0,216066.48,0.001,20.0,betz,False,2.3131318906589198,
BETZ_2013,Fig4_Hydrophilic,SFC-001,BETZ_Hydrophilic,water,14.747,0.0,195290.86,0.001,20.0,betz,False,2.3131318906589198,FLAG: non-monotonic at idx 6
BETZ_2013,Fig4_Hydrophilic,SFC-001,BETZ_Hydrophilic,water,15.4757,0.0,250692.52,0.001,20.0,betz,False,2.3131318906589198,
BETZ_2013,Fig4_Hydrophilic,SFC-001,BETZ_Hydrophilic,water,17.1154,0.0,267313.02,0.001,20.0,betz,False,2.3131318906589198,
BETZ_2013,Fig4_Hydrophilic,SFC-001,BETZ_Hydrophilic,water,19.2105,0.0,361495.84,0.001,20.0,betz,False,2.3131318906589198,
BETZ_2013,Fig4_Hydrophilic,SFC-001,BETZ_Hydrophilic,water,20.6073,0.0,455678.67,0.001,20.0,betz,False,2.3131318906589198,
BETZ_2013,Fig4_Hydrophilic,SFC-001,BETZ_Hydrophilic,water,25.6478,0.0,472299.17,0.001,20.0,betz,False,2.3131318906589198,
BETZ_2013,Fig4_Hydrophilic,SFC-001,BETZ_Hydrophilic,water,28.1984,0.0,479224.38,0.001,20.0,betz,False,2.3131318906589198,
BETZ_2013,Fig4_Hydrophobic,SFC-002,BETZ_Hydrophobic,water,0.9615,0.0,368421.05,0.001,115.0,betz,False,0.6558017205864913,"WARN: delta_T=0.96 out of [2,30] K range"
BETZ_2013,Fig4_Hydrophobic,SFC-002,BETZ_Hydrophobic,water,2.7227,0.0,293628.81,0.001,115.0,betz,False,0.6558017205864913,FLAG: non-monotonic at idx 1
BETZ_2013,Fig4_Hydrophobic,SFC-002,BETZ_Hydrophobic,water,3.1478,0.0,301939.06,0.001,115.0,betz,True,0.6558017205864913,ONB_manual (preserved)
BETZ_2013,Fig4_Hydrophobic,SFC-002,BETZ_Hydrophobic,water,3.4818,0.0,322714.68,0.001,115.0,betz,False,0.6558017205864913,
BETZ_2013,Fig4_Hydrophobic,SFC-002,BETZ_Hydrophobic,water,3.7854,0.0,342105.26,0.001,115.0,betz,False,0.6558017205864913,
BETZ_2013,Fig4_Hydrophobic,SFC-002,BETZ_Hydrophobic,water,4.7571,0.0,315789.47,0.001,115.0,betz,False,0.6558017205864913,FLAG: non-monotonic at idx 5
BETZ_2013,Fig4_Hydrophobic,SFC-002,BETZ_Hydrophobic,water,5.2733,0.0,328254.85,0.001,115.0,betz,False,0.6558017205864913,
BETZ_2013,Fig4_Hydrophobic,SFC-002,BETZ_Hydrophobic,water,6.4575,0.0,329639.89,0.001,115.0,betz,False,0.6558017205864913,
BETZ_2013,Fig4_Hydrophobic,SFC-002,BETZ_Hydrophobic,water,7.004,0.0,319944.6,0.001,115.0,betz,False,0.6558017205864913,FLAG: non-monotonic at idx 8
BETZ_2013,Fig4_Hydrophobic,SFC-002,BETZ_Hydrophobic,water,8.7045,0.0,329639.89,0.001,115.0,betz,False,0.6558017205864913,
BETZ_2013,Fig4_Hydrophobic,SFC-002,BETZ_Hydrophobic,water,11.1336,0.0,326869.81,0.001,115.0,betz,False,0.6558017205864913,FLAG: non-monotonic at idx 10
BETZ_2013,Fig4_Hydrophobic,SFC-002,BETZ_Hydrophobic,water,14.7166,0.0,319944.6,0.001,115.0,betz,False,0.6558017205864913,FLAG: non-monotonic at idx 11
BETZ_2013,Fig4_Hydrophobic,SFC-002,BETZ_Hydrophobic,water,18.1478,0.0,304709.14,0.001,115.0,betz,False,0.6558017205864913,FLAG: non-monotonic at idx 12
BETZ_2013,Fig4_Hydrophobic,SFC-002,BETZ_Hydrophobic,water,23.8563,0.0,288088.64,0.001,115.0,betz,False,0.6558017205864913,FLAG: non-monotonic at idx 13
BETZ_2013,Fig4_Hydrophobic,SFC-002,BETZ_Hydrophobic,water,29.2915,0.0,281163.43,0.001,115.0,betz,False,0.6558017205864913,FLAG: non-monotonic at idx 14
BETZ_2013,Fig4_SHPi,SFC-003,BETZ_SHPi,water,3.087,0.0,476454.29,0.001,0.0,betz,False,1.1186868759834072,
BETZ_2013,Fig4_SHPi,SFC-003,BETZ_SHPi,water,3.1174,0.0,196675.9,0.001,0.0,betz,False,1.1186868759834072,FLAG: non-monotonic at idx 1
BETZ_2013,Fig4_SHPi,SFC-003,BETZ_SHPi,water,3.4818,0.0,253462.6,0.001,0.0,betz,True,1.1186868759834072,ONB_manual (preserved)
BETZ_2013,Fig4_SHPi,SFC-003,BETZ_SHPi,water,4.7267,0.0,660664.82,0.001,0.0,betz,False,1.1186868759834072,
BETZ_2013,Fig4_SHPi,SFC-003,BETZ_SHPi,water,6.7308,0.0,783933.52,0.001,0.0,betz,False,1.1186868759834072,
BETZ_2013,Fig4_SHPi,SFC-003,BETZ_SHPi,water,7.9453,0.0,991689.75,0.001,0.0,betz,False,1.1186868759834072,
BETZ_2013,Fig4_SHPi,SFC-003,BETZ_SHPi,water,9.3421,0.0,321329.64,0.001,0.0,betz,False,1.1186868759834072,FLAG: non-monotonic at idx 6
BETZ_2013,Fig4_SHPi,SFC-003,BETZ_SHPi,water,10.5567,0.0,216066.48,0.001,0.0,betz,False,1.1186868759834072,FLAG: non-monotonic at idx 7
BETZ_2013,Fig4_SHPi,SFC-003,BETZ_SHPi,water,11.3462,0.0,487534.63,0.001,0.0,betz,False,1.1186868759834072,
BETZ_2013,Fig4_SHPi,SFC-003,BETZ_SHPi,water,11.5891,0.0,771468.14,0.001,0.0,betz,False,1.1186868759834072,
BETZ_2013,Fig4_SHPi,SFC-003,BETZ_SHPi,water,12.2267,0.0,1058171.75,0.001,0.0,betz,False,1.1186868759834072,
BETZ_2013,Fig4_SHPi,SFC-003,BETZ_SHPi,water,13.0769,0.0,307479.22,0.001,0.0,betz,False,1.1186868759834072,FLAG: non-monotonic at idx 11
BETZ_2013,Fig4_SHPi,SFC-003,BETZ_SHPi,water,14.1397,0.0,437673.13,0.001,0.0,betz,False,1.1186868759834072,
BETZ_2013,Fig4_SHPi,SFC-003,BETZ_SHPi,water,16.3866,0.0,562326.87,0.001,0.0,betz,False,1.1186868759834072,
BETZ_2013,Fig4_SHPi,SFC-003,BETZ_SHPi,water,17.2672,0.0,743767.31,0.001,0.0,betz,False,1.1186868759834072,
BETZ_2013,Fig4_SHPi,SFC-003,BETZ_SHPi,water,19.5749,0.0,887811.63,0.001,0.0,betz,False,1.1186868759834072,
BETZ_2013,Fig4_SHPi,SFC-003,BETZ_SHPi,water,21.4271,0.0,904432.13,0.001,0.0,betz,False,1.1186868759834072,
BETZ_2013,Fig4_SHPi,SFC-003,BETZ_SHPi,water,23.4615,0.0,963988.92,0.001,0.0,betz,False,1.1186868759834072,
BETZ_2013,Fig4_SHPi,SFC-003,BETZ_SHPi,water,24.6457,0.0,984764.54,0.001,0.0,betz,False,1.1186868759834072,
BETZ_2013,Fig4_SHPi,SFC-003,BETZ_SHPi,water,25.7692,0.0,1009695.29,0.001,0.0,betz,False,1.1186868759834072,
BETZ_2013,Fig4_SHPi,SFC-003,BETZ_SHPi,water,27.4393,0.0,1027700.83,0.001,0.0,betz,False,1.1186868759834072,
BETZ_2013,Fig4_SHPo,SFC-004,BETZ_SHPo,water,0.2328,0.0,861495.84,0.001,158.0,betz,False,0.862659974488232,"WARN: delta_T=0.23 out of [2,30] K range"
BETZ_2013,Fig4_SHPo,SFC-004,BETZ_SHPo,water,0.3543,0.0,581717.45,0.001,158.0,betz,False,0.862659974488232,"WARN: delta_T=0.35 out of [2,30] K range; FLAG: non-monotonic at idx 1"
BETZ_2013,Fig4_SHPo,SFC-004,BETZ_SHPo,water,0.415,0.0,540166.2,0.001,158.0,betz,False,0.862659974488232,"WARN: delta_T=0.41 out of [2,30] K range; FLAG: non-monotonic at idx 2"
BETZ_2013,Fig4_SHPo,SFC-004,BETZ_SHPo,water,1.5081,0.0,239612.19,0.001,158.0,betz,False,0.862659974488232,"WARN: delta_T=1.51 out of [2,30] K range; FLAG: non-monotonic at idx 3"
BETZ_2013,Fig4_SHPo,SFC-004,BETZ_SHPo,water,3.5729,0.0,198060.94,0.001,158.0,betz,True,0.862659974488232,FLAG: non-monotonic at idx 4; ONB_manual (preserved)
BETZ_2013,Fig4_SHPo,SFC-004,BETZ_SHPo,water,3.7854,0.0,299168.98,0.001,158.0,betz,False,0.862659974488232,
BETZ_2013,Fig4_SHPo,SFC-004,BETZ_SHPo,water,5.1215,0.0,354570.64,0.001,158.0,betz,False,0.862659974488232,
BETZ_2013,Fig4_SHPo,SFC-004,BETZ_SHPo,water,8.7045,0.0,351800.55,0.001,158.0,betz,False,0.862659974488232,FLAG: non-monotonic at idx 7
BETZ_2013,Fig6b_Biphilic,SFC-005,BETZ_Biphilic,water,3.5431,0.0,29221.92,0.001,70.0,betz,True,1.572321491625309,ONB_manual (preserved)
BETZ_2013,Fig6b_Biphilic,SFC-005,BETZ_Biphilic,water,4.6567,0.0,13607.51,0.001,70.0,betz,False,1.572321491625309,FLAG: non-monotonic at idx 1
BETZ_2013,Fig6b_Biphilic,SFC-005,BETZ_Biphilic,water,5.881,0.0,56990.71,0.001,70.0,betz,False,1.572321491625309,
BETZ_2013,Fig6b_Biphilic,SFC-005,BETZ_Biphilic,water,7.4196,0.0,92585.54,0.001,70.0,betz,False,1.572321491625309,
BETZ_2013,Fig6b_Biphilic,SFC-005,BETZ_Biphilic,water,8.1355,0.0,47498.9,0.001,70.0,betz,False,1.572321491625309,FLAG: non-monotonic at idx 4
BETZ_2013,Fig6b_Biphilic,SFC-005,BETZ_Biphilic,water,9.1557,0.0,166984.91,0.001,70.0,betz,False,1.572321491625309,
BETZ_2013,Fig6b_Biphilic,SFC-005,BETZ_Biphilic,water,9.3592,0.0,101751.72,0.001,70.0,betz,False,1.572321491625309,FLAG: non-monotonic at idx 6
BETZ_2013,Fig6b_Biphilic,SFC-005,BETZ_Biphilic,water,9.7241,0.0,207313.45,0.001,70.0,betz,False,1.572321491625309,
BETZ_2013,Fig6b_Biphilic,SFC-005,BETZ_Biphilic,water,9.8953,0.0,205747.36,0.001,70.0,betz,False,1.572321491625309,FLAG: non-monotonic at idx 8
BETZ_2013,Fig6b_Biphilic,SFC-005,BETZ_Biphilic,water,10.2391,0.0,180875.95,0.001,70.0,betz,False,1.572321491625309,FLAG: non-monotonic at idx 9
BETZ_2013,Fig6b_Biphilic,SFC-005,BETZ_Biphilic,water,11.0911,0.0,249132.78,0.001,70.0,betz,False,1.572321491625309,
BETZ_2013,Fig6b_Biphilic,SFC-005,BETZ_Biphilic,water,11.9169,0.0,277018.97,0.001,70.0,betz,False,1.572321491625309,
BETZ_2013,Fig6b_Biphilic,SFC-005,BETZ_Biphilic,water,12.3131,0.0,334441.63,0.001,70.0,betz,False,1.572321491625309,
BETZ_2013,Fig6b_Biphilic,SFC-005,BETZ_Biphilic,water,12.6788,0.0,426028.15,0.001,70.0,betz,False,1.572321491625309,
BETZ_2013,Fig6b_Biphilic,SFC-005,BETZ_Biphilic,water,12.6807,0.0,391866.51,0.001,70.0,betz,False,1.572321491625309,FLAG: non-monotonic at idx 14
BETZ_2013,Fig6b_Biphilic,SFC-005,BETZ_Biphilic,water,12.9965,0.0,357680.5,0.001,70.0,betz,False,1.572321491625309,FLAG: non-monotonic at idx 15
BETZ_2013,Fig6b_Biphilic,SFC-005,BETZ_Biphilic,water,13.8999,0.0,525312.22,0.001,70.0,betz,False,1.572321491625309,
BETZ_2013,Fig6b_Biphilic,SFC-005,BETZ_Biphilic,water,14.0448,0.0,486481.1,0.001,70.0,betz,False,1.572321491625309,FLAG: non-monotonic at idx 17
BETZ_2013,Fig6b_Biphilic,SFC-005,BETZ_Biphilic,water,14.3803,0.0,606020.26,0.001,70.0,betz,False,1.572321491625309,
BETZ_2013,Fig6b_Biphilic,SFC-005,BETZ_Biphilic,water,15.0324,0.0,678951.01,0.001,70.0,betz,False,1.572321491625309,
BETZ_2013,Fig6b_Biphilic,SFC-005,BETZ_Biphilic,water,15.465,0.0,596619.28,0.001,70.0,betz,False,1.572321491625309,FLAG: non-monotonic at idx 20
BETZ_2013,Fig6b_Biphilic,SFC-005,BETZ_Biphilic,water,15.515,0.0,720839.0,0.001,70.0,betz,False,1.572321491625309,
BETZ_2013,Fig6b_Biphilic,SFC-005,BETZ_Biphilic,water,15.9416,0.0,745650.6,0.001,70.0,betz,False,1.572321491625309,
BETZ_2013,Fig6b_Biphilic,SFC-005,BETZ_Biphilic,water,16.0837,0.0,754956.34,0.001,70.0,betz,False,1.572321491625309,
BETZ_2013,Fig6b_Biphilic,SFC-005,BETZ_Biphilic,water,16.3382,0.0,795309.25,0.001,70.0,betz,False,1.572321491625309,
BETZ_2013,Fig6b_Biphilic,SFC-005,BETZ_Biphilic,water,16.6785,0.0,830997.12,0.001,70.0,betz,False,1.572321491625309,
BETZ_2013,Fig6b_Superbiphiliccircle,SFC-006,BETZ_SBPi_circle,water,0.6825,0.0,161431.59,0.001,75.0,betz,True,0.41762424285375377,"WARN: delta_T=0.68 out of [2,30] K range; ONB_manual (preserved)"
BETZ_2013,Fig6b_Superbiphiliccircle,SFC-006,BETZ_SBPi_circle,water,0.9643,0.0,221968.71,0.001,75.0,betz,False,0.41762424285375377,"WARN: delta_T=0.96 out of [2,30] K range"
BETZ_2013,Fig6b_Superbiphiliccircle,SFC-006,BETZ_SBPi_circle,water,1.4747,0.0,277829.71,0.001,75.0,betz,False,0.41762424285375377,"WARN: delta_T=1.47 out of [2,30] K range"
BETZ_2013,Fig6b_Superbiphiliccircle,SFC-006,BETZ_SBPi_circle,water,3.0129,0.0,321188.55,0.001,75.0,betz,False,0.41762424285375377,
BETZ_2013,Fig6b_Superbiphiliccircle,SFC-006,BETZ_SBPi_circle,water,3.2685,0.0,341355.04,0.001,75.0,betz,False,0.41762424285375377,
BETZ_2013,Fig6b_Superbiphiliccircle,SFC-006,BETZ_SBPi_circle,water,3.4924,0.0,417424.61,0.001,75.0,betz,False,0.41762424285375377,
BETZ_2013,Fig6b_Superbiphiliccircle,SFC-006,BETZ_SBPi_circle,water,3.9747,0.0,465523.81,0.001,75.0,betz,False,0.41762424285375377,
BETZ_2013,Fig6b_Superbiphiliccircle,SFC-006,BETZ_SBPi_circle,water,4.2653,0.0,372333.54,0.001,75.0,betz,False,0.41762424285375377,FLAG: non-monotonic at idx 7
BETZ_2013,Fig6b_Superbiphiliccircle,SFC-006,BETZ_SBPi_circle,water,4.3489,0.0,406488.54,0.001,75.0,betz,False,0.41762424285375377,
BETZ_2013,Fig6b_Superbiphiliccircle,SFC-006,BETZ_SBPi_circle,water,4.3713,0.0,513629.66,0.001,75.0,betz,False,0.41762424285375377,
BETZ_2013,Fig6b_Superbiphiliccircle,SFC-006,BETZ_SBPi_circle,water,6.1052,0.0,628401.88,0.001,75.0,betz,False,0.41762424285375377,
BETZ_2013,Fig6b_Superbiphiliccircle,SFC-006,BETZ_SBPi_circle,water,6.9284,0.0,701319.33,0.001,75.0,betz,False,0.41762424285375377,
BETZ_2013,Fig6b_Superbiphiliccircle,SFC-006,BETZ_SBPi_circle,water,7.665,0.0,792877.05,0.001,75.0,betz,False,0.41762424285375377,
BETZ_2013,Fig6b_Superbiphiliccircle,SFC-006,BETZ_SBPi_circle,water,8.318,0.0,848726.97,0.001,75.0,betz,False,0.41762424285375377,
BETZ_2013,Fig6b_Superbiphilichexagon,SFC-007,BETZ_SBPi_hex,water,1.4231,0.0,181560.42,0.001,75.0,betz,True,0.5686378388329267,"WARN: delta_T=1.42 out of [2,30] K range; ONB_manual (preserved)"
BETZ_2013,Fig6b_Superbiphilichexagon,SFC-007,BETZ_SBPi_hex,water,2.2187,0.0,238952.07,0.001,75.0,betz,False,0.5686378388329267,
BETZ_2013,Fig6b_Superbiphilichexagon,SFC-007,BETZ_SBPi_hex,water,3.0723,0.0,279258.47,0.001,75.0,betz,False,0.5686378388329267,
BETZ_2013,Fig6b_Superbiphilichexagon,SFC-007,BETZ_SBPi_hex,water,3.8115,0.0,325784.93,0.001,75.0,betz,False,0.5686378388329267,
BETZ_2013,Fig6b_Superbiphilichexagon,SFC-007,BETZ_SBPi_hex,water,4.4359,0.0,381637.07,0.001,75.0,betz,False,0.5686378388329267,
BETZ_2013,Fig6b_Superbiphilichexagon,SFC-007,BETZ_SBPi_hex,water,4.6894,0.0,439070.8,0.001,75.0,betz,False,0.5686378388329267,
BETZ_2013,Fig6b_Superbiphilichexagon,SFC-007,BETZ_SBPi_hex,water,5.0284,0.0,499603.49,0.001,75.0,betz,False,0.5686378388329267,
BETZ_2013,Fig6b_Superbiphilichexagon,SFC-007,BETZ_SBPi_hex,water,5.3095,0.0,572563.03,0.001,75.0,betz,False,0.5686378388329267,
BETZ_2013,Fig6b_Superbiphilichexagon,SFC-007,BETZ_SBPi_hex,water,5.7622,0.0,639298.07,0.001,75.0,betz,False,0.5686378388329267,
BETZ_2013,Fig6b_Superbiphilichexagon,SFC-007,BETZ_SBPi_hex,water,6.0431,0.0,715363.21,0.001,75.0,betz,False,0.5686378388329267,
BETZ_2013,Fig6b_Superbiphilichexagon,SFC-007,BETZ_SBPi_hex,water,6.4669,0.0,789864.48,0.001,75.0,betz,False,0.5686378388329267,
BETZ_2013,Fig6b_Superbiphilichexagon,SFC-007,BETZ_SBPi_hex,water,6.7468,0.0,884563.24,0.001,75.0,betz,False,0.5686378388329267,
BETZ_2013,Fig6b_Superbiphilichexagon,SFC-007,BETZ_SBPi_hex,water,7.2263,0.0,980799.31,0.001,75.0,betz,False,0.5686378388329267,
BETZ_2013,Fig6b_Superbiphilichexagon,SFC-007,BETZ_SBPi_hex,water,7.249,0.0,1083282.02,0.001,75.0,betz,False,0.5686378388329267,
BETZ_2013,Fig6b_Superbiphilichexagon,SFC-007,BETZ_SBPi_hex,water,7.8711,0.0,1181059.8,0.001,75.0,betz,False,0.5686378388329267,
BETZ_2013,Fig6b_Superbiphilichexagon,SFC-007,BETZ_SBPi_hex,water,8.1504,0.0,1285075.38,0.001,75.0,betz,False,0.5686378388329267,
BETZ_2013,Fig6b_Superhydrophilic,SFC-003,BETZ_SHPi,water,3.0022,0.0,7524.78,0.001,0.0,betz,False,1.1186868759834072,
BETZ_2013,Fig6b_Superhydrophilic,SFC-003,BETZ_SHPi,water,3.0565,0.0,57210.01,0.001,0.0,betz,True,1.1186868759834072,ONB_manual (preserved)
BETZ_2013,Fig6b_Superhydrophilic,SFC-003,BETZ_SHPi,water,3.3728,0.0,13707.19,0.001,0.0,betz,False,1.1186868759834072,FLAG: non-monotonic at idx 2
BETZ_2013,Fig6b_Superhydrophilic,SFC-003,BETZ_SHPi,water,4.4217,0.0,131638.17,0.001,0.0,betz,False,1.1186868759834072,
BETZ_2013,Fig6b_Superhydrophilic,SFC-003,BETZ_SHPi,water,6.5548,0.0,247932.18,0.001,0.0,betz,False,1.1186868759834072,
BETZ_2013,Fig6b_Superhydrophilic,SFC-003,BETZ_SHPi,water,7.6598,0.0,382939.56,0.001,0.0,betz,False,1.1186868759834072,
BETZ_2013,Fig6b_Superhydrophilic,SFC-003,BETZ_SHPi,water,7.8479,0.0,586341.1,0.001,0.0,betz,False,1.1186868759834072,
BETZ_2013,Fig6b_Superhydrophilic,SFC-003,BETZ_SHPi,water,7.9197,0.0,828571.56,0.001,0.0,betz,False,1.1186868759834072,
BETZ_2013,Fig6b_Superhydrophilic,SFC-003,BETZ_SHPi,water,9.1889,0.0,86236.99,0.001,0.0,betz,False,1.1186868759834072,FLAG: non-monotonic at idx 8
BETZ_2013,Fig6b_Superhydrophilic,SFC-003,BETZ_SHPi,water,9.334,0.0,1042747.46,0.001,0.0,betz,False,1.1186868759834072,
BETZ_2013,Fig6b_Superhydrophilic,SFC-003,BETZ_SHPi,water,10.0366,0.0,1230581.12,0.001,0.0,betz,False,1.1186868759834072,
BETZ_2013,Fig6b_Superhydrophilic,SFC-003,BETZ_SHPi,water,10.4473,0.0,31791.46,0.001,0.0,betz,False,1.1186868759834072,FLAG: non-monotonic at idx 11
BETZ_2013,Fig6b_Superhydrophilic,SFC-003,BETZ_SHPi,water,11.1502,0.0,213413.9,0.001,0.0,betz,False,1.1186868759834072,
BETZ_2013,Fig6b_Superhydrophilic,SFC-003,BETZ_SHPi,water,11.3127,0.0,1367128.0,0.001,0.0,betz,False,1.1186868759834072,
BETZ_2013,Fig6b_Superhydrophilic,SFC-003,BETZ_SHPi,water,11.4807,0.0,421462.78,0.001,0.0,betz,False,1.1186868759834072,FLAG: non-monotonic at idx 14
BETZ_2013,Fig6b_Superhydrophilic,SFC-003,BETZ_SHPi,water,12.1809,0.0,651222.08,0.001,0.0,betz,False,1.1186868759834072,
BETZ_2013,Fig6b_Superhydrophilic,SFC-003,BETZ_SHPi,water,12.9252,0.0,107686.04,0.001,0.0,betz,False,1.1186868759834072,FLAG: non-monotonic at idx 16
BETZ_2013,Fig6b_Superhydrophilic,SFC-003,BETZ_SHPi,water,13.6461,0.0,974089.69,0.001,0.0,betz,False,1.1186868759834072,
BETZ_2013,Fig6b_Superhydrophilic,SFC-003,BETZ_SHPi,water,13.9974,0.0,1317230.12,0.001,0.0,betz,False,1.1186868759834072,
BETZ_2013,Fig6b_Superhydrophilic,SFC-003,BETZ_SHPi,water,14.219,0.0,1433672.54,0.001,0.0,betz,False,1.1186868759834072,
BETZ_2013,Fig6b_Superhydrophilic,SFC-003,BETZ_SHPi,water,14.2302,0.0,238019.5,0.001,0.0,betz,False,1.1186868759834072,FLAG: non-monotonic at idx 20
BETZ_2013,Fig6b_Superhydrophilic,SFC-003,BETZ_SHPi,water,16.3044,0.0,386926.78,0.001,0.0,betz,False,1.1186868759834072,
BETZ_2013,Fig6b_Superhydrophilic,SFC-003,BETZ_SHPi,water,17.1766,0.0,601144.78,0.001,0.0,betz,False,1.1186868759834072,
BETZ_2013,Fig6b_Superhydrophilic,SFC-003,BETZ_SHPi,water,19.5873,0.0,854063.2,0.001,0.0,betz,False,1.1186868759834072,
BETZ_2013,Fig6b_Superhydrophilic,SFC-003,BETZ_SHPi,water,21.6067,0.0,964154.86,0.001,0.0,betz,False,1.1186868759834072,
BETZ_2013,Fig6b_Superhydrophilic,SFC-003,BETZ_SHPi,water,23.3382,0.0,1119299.93,0.001,0.0,betz,False,1.1186868759834072,
BETZ_2013,Fig6b_Superhydrophilic,SFC-003,BETZ_SHPi,water,24.5882,0.0,1213923.38,0.001,0.0,betz,False,1.1186868759834072,
BETZ_2013,Fig6b_Superhydrophilic,SFC-003,BETZ_SHPi,water,25.6951,0.0,1314769.12,0.001,0.0,betz,False,1.1186868759834072,
BETZ_2013,Fig6b_Superhydrophilic,SFC-003,BETZ_SHPi,water,27.4294,0.0,1421777.33,0.001,0.0,betz,False,1.1186868759834072,
BETZ_2013,Fig6b_hydrophilic,SFC-001,BETZ_Hydrophilic,water,10.2777,0.0,5407.12,0.001,20.0,betz,False,2.3131318906589198,
BETZ_2013,Fig6b_hydrophilic,SFC-001,BETZ_Hydrophilic,water,11.6468,0.0,11512.0,0.001,20.0,betz,False,2.3131318906589198,
BETZ_2013,Fig6b_hydrophilic,SFC-001,BETZ_Hydrophilic,water,12.3315,0.0,11458.84,0.001,20.0,betz,False,2.3131318906589198,FLAG: non-monotonic at idx 2
BETZ_2013,Fig6b_hydrophilic,SFC-001,BETZ_Hydrophilic,water,12.4659,0.0,157411.14,0.001,20.0,betz,False,2.3131318906589198,
BETZ_2013,Fig6b_hydrophilic,SFC-001,BETZ_Hydrophilic,water,12.5593,0.0,19205.12,0.001,20.0,betz,False,2.3131318906589198,FLAG: non-monotonic at idx 4
BETZ_2013,Fig6b_hydrophilic,SFC-001,BETZ_Hydrophilic,water,13.7574,0.0,23770.5,0.001,20.0,betz,False,2.3131318906589198,
BETZ_2013,Fig6b_hydrophilic,SFC-001,BETZ_Hydrophilic,water,14.0991,0.0,34613.53,0.001,20.0,betz,False,2.3131318906589198,
BETZ_2013,Fig6b_hydrophilic,SFC-001,BETZ_Hydrophilic,water,14.442,0.0,25270.13,0.001,20.0,betz,False,2.3131318906589198,FLAG: non-monotonic at idx 7
BETZ_2013,Fig6b_hydrophilic,SFC-001,BETZ_Hydrophilic,water,15.4381,0.0,68671.06,0.001,20.0,betz,True,2.3131318906589198,ONB_manual (preserved)
BETZ_2013,Fig6b_hydrophilic,SFC-001,BETZ_Hydrophilic,water,17.091,0.0,101151.42,0.001,20.0,betz,False,2.3131318906589198,
BETZ_2013,Fig6b_hydrophilic,SFC-001,BETZ_Hydrophilic,water,19.1955,0.0,220553.25,0.001,20.0,betz,False,2.3131318906589198,
BETZ_2013,Fig6b_hydrophilic,SFC-001,BETZ_Hydrophilic,water,20.5002,0.0,355545.12,0.001,20.0,betz,False,2.3131318906589198,
BETZ_2013,Fig6b_hydrophilic,SFC-001,BETZ_Hydrophilic,water,25.5723,0.0,466952.57,0.001,20.0,betz,False,2.3131318906589198,
BETZ_2013,Fig6b_hydrophilic,SFC-001,BETZ_Hydrophilic,water,28.0512,0.0,524213.52,0.001,20.0,betz,False,2.3131318906589198,
BETZ_2013,Fig7b_Biphilic,SFC-005,BETZ_Biphilic,water,2.4736,0.0,541456.49,0.001,70.0,betz,False,1.572321491625309,
BETZ_2013,Fig7b_Biphilic,SFC-005,BETZ_Biphilic,water,2.5948,0.0,222249.19,0.001,70.0,betz,False,1.572321491625309,FLAG: non-monotonic at idx 1
BETZ_2013,Fig7b_Biphilic,SFC-005,BETZ_Biphilic,water,2.7948,0.0,183316.67,0.001,70.0,betz,False,1.572321491625309,FLAG: non-monotonic at idx 2
BETZ_2013,Fig7b_Biphilic,SFC-005,BETZ_Biphilic,water,4.4942,0.0,224795.05,0.001,70.0,betz,True,1.572321491625309,ONB_manual (preserved)
BETZ_2013,Fig7b_Biphilic,SFC-005,BETZ_Biphilic,water,7.6369,0.0,146858.83,0.001,70.0,betz,False,1.572321491625309,FLAG: non-monotonic at idx 4
BETZ_2013,Fig7b_Biphilic,SFC-005,BETZ_Biphilic,water,13.9893,0.0,229738.95,0.001,70.0,betz,False,1.572321491625309,
BETZ_2013,Fig7b_Biphilic,SFC-005,BETZ_Biphilic,water,18.8511,0.0,263349.81,0.001,70.0,betz,False,1.572321491625309,
BETZ_2013,Fig7b_Biphilic,SFC-005,BETZ_Biphilic,water,22.866,0.0,286602.01,0.001,70.0,betz,False,1.572321491625309,
BETZ_2013,Fig7b_Biphilic,SFC-005,BETZ_Biphilic,water,24.9794,0.0,299522.95,0.001,70.0,betz,False,1.572321491625309,
BETZ_2013,Fig7b_Superbiphilic,SFC-006,BETZ_SBPi_circle,water,18.5014,0.0,1270279.3,0.001,75.0,betz,False,0.41762424285375377,FLAG: non-monotonic at idx 1
BETZ_2013,Fig7b_Superbiphilic,SFC-006,BETZ_SBPi_circle,water,24.7691,0.0,1052123.56,0.001,75.0,betz,False,0.41762424285375377,FLAG: non-monotonic at idx 3
BETZ_2013,Fig7b_Superbiphilic,SFC-006,BETZ_SBPi_circle,water,28.3155,0.0,909297.96,0.001,75.0,betz,False,0.41762424285375377,FLAG: non-monotonic at idx 5
BOURDON_2012,Fig4_S1,SFC-021,BOURDON12_S1,water,0.1152,0.0,145.16,0.0097,0.0,bourdon12,False,11.474694389176754,"WARN: delta_T=0.12 out of [2,30] K range; FLAG: q_flux=145 out of [1e3, 5e6] W/m2 range"
BOURDON_2012,Fig4_S1,SFC-021,BOURDON12_S1,water,0.2509,0.0,223.48,0.0097,0.0,bourdon12,False,11.474694389176754,"WARN: delta_T=0.25 out of [2,30] K range; FLAG: q_flux=223 out of [1e3, 5e6] W/m2 range"
BOURDON_2012,Fig4_S1,SFC-021,BOURDON12_S1,water,0.3457,0.0,380.47,0.0097,0.0,bourdon12,False,11.474694389176754,"WARN: delta_T=0.35 out of [2,30] K range; FLAG: q_flux=380 out of [1e3, 5e6] W/m2 range"
BOURDON_2012,Fig4_S1,SFC-021,BOURDON12_S1,water,0.4681,0.0,270.21,0.0097,0.0,bourdon12,False,11.474694389176754,"WARN: delta_T=0.47 out of [2,30] K range; FLAG: q_flux=270 out of [1e3, 5e6] W/m2 range; FLAG: non-monotonic at idx 3"
BOURDON_2012,Fig4_S1,SFC-021,BOURDON12_S1,water,0.7666,0.0,458.23,0.0097,0.0,bourdon12,False,11.474694389176754,"WARN: delta_T=0.77 out of [2,30] K range; FLAG: q_flux=458 out of [1e3, 5e6] W/m2 range"
BOURDON_2012,Fig4_S1,SFC-021,BOURDON12_S1,water,0.9843,0.0,237.76,0.0097,0.0,bourdon12,False,11.474694389176754,"WARN: delta_T=0.98 out of [2,30] K range; FLAG: q_flux=238 out of [1e3, 5e6] W/m2 range; FLAG: non-monotonic at idx 5"
BOURDON_2012,Fig4_S1,SFC-021,BOURDON12_S1,water,1.5409,0.0,378.12,0.0097,0.0,bourdon12,False,11.474694389176754,"WARN: delta_T=1.54 out of [2,30] K range; FLAG: q_flux=378 out of [1e3, 5e6] W/m2 range"
BOURDON_2012,Fig4_S1,SFC-021,BOURDON12_S1,water,1.7984,0.0,723.39,0.0097,0.0,bourdon12,False,11.474694389176754,"WARN: delta_T=1.80 out of [2,30] K range; FLAG: q_flux=723 out of [1e3, 5e6] W/m2 range"
BOURDON_2012,Fig4_S1,SFC-021,BOURDON12_S1,water,2.2741,0.0,533.85,0.0097,0.0,bourdon12,False,11.474694389176754,"FLAG: q_flux=534 out of [1e3, 5e6] W/m2 range; FLAG: non-monotonic at idx 8"
BOURDON_2012,Fig4_S1,SFC-021,BOURDON12_S1,water,3.0748,0.0,956.64,0.0097,0.0,bourdon12,False,11.474694389176754,"FLAG: q_flux=957 out of [1e3, 5e6] W/m2 range"
BOURDON_2012,Fig4_S1,SFC-021,BOURDON12_S1,water,3.3876,0.0,704.55,0.0097,0.0,bourdon12,False,11.474694389176754,"FLAG: q_flux=705 out of [1e3, 5e6] W/m2 range; FLAG: non-monotonic at idx 10"
BOURDON_2012,Fig4_S1,SFC-021,BOURDON12_S1,water,4.3924,0.0,891.18,0.0097,0.0,bourdon12,False,11.474694389176754,"FLAG: q_flux=891 out of [1e3, 5e6] W/m2 range"
BOURDON_2012,Fig4_S1,SFC-021,BOURDON12_S1,water,4.9212,0.0,1408.81,0.0097,0.0,bourdon12,False,11.474694389176754,
BOURDON_2012,Fig4_S1,SFC-021,BOURDON12_S1,water,5.2478,0.0,1062.39,0.0097,0.0,bourdon12,False,11.474694389176754,FLAG: non-monotonic at idx 13
BOURDON_2012,Fig4_S1,SFC-021,BOURDON12_S1,water,6.3882,0.0,1327.34,0.0097,0.0,bourdon12,False,11.474694389176754,
BOURDON_2012,Fig4_S1,SFC-021,BOURDON12_S1,water,6.8357,0.0,1766.54,0.0097,0.0,bourdon12,False,11.474694389176754,
BOURDON_2012,Fig4_S1,SFC-021,BOURDON12_S1,water,7.4744,0.0,1576.68,0.0097,0.0,bourdon12,False,11.474694389176754,FLAG: non-monotonic at idx 16
BOURDON_2012,Fig4_S1,SFC-021,BOURDON12_S1,water,7.7729,0.0,1764.7,0.0097,0.0,bourdon12,False,11.474694389176754,
BOURDON_2012,Fig4_S1,SFC-021,BOURDON12_S1,water,8.2069,0.0,2109.62,0.0097,0.0,bourdon12,False,11.474694389176754,
BOURDON_2012,Fig4_S1,SFC-021,BOURDON12_S1,water,8.2605,0.0,2533.88,0.0097,0.0,bourdon12,False,11.474694389176754,
BOURDON_2012,Fig4_S1,SFC-021,BOURDON12_S1,water,8.9389,0.0,2972.62,0.0097,0.0,bourdon12,True,11.474694389176754,ONB_manual (was idx=16)
BOURDON_2012,Fig4_S1,SFC-021,BOURDON12_S1,water,8.9396,0.0,2579.69,0.0097,0.0,bourdon12,False,11.474694389176754,FLAG: non-monotonic at idx 21
BOURDON_2012,Fig4_S1,SFC-021,BOURDON12_S1,water,9.4134,0.0,3490.35,0.0097,0.0,bourdon12,False,11.474694389176754,
BOURDON_2012,Fig4_S1,SFC-021,BOURDON12_S1,water,9.7941,0.0,3269.57,0.0097,0.0,bourdon12,False,11.474694389176754,FLAG: non-monotonic at idx 23
BOURDON_2012,Fig4_S1,SFC-021,BOURDON12_S1,water,10.3495,0.0,4164.35,0.0097,0.0,bourdon12,False,11.474694389176754,
BOURDON_2012,Fig4_S1,SFC-021,BOURDON12_S1,water,10.3637,0.0,3802.83,0.0097,0.0,bourdon12,False,11.474694389176754,FLAG: non-monotonic at idx 25
BOURDON_2012,Fig4_S1,SFC-021,BOURDON12_S1,water,10.7972,0.0,4430.66,0.0097,0.0,bourdon12,False,11.474694389176754,
BOURDON_2012,Fig4_S1,SFC-021,BOURDON12_S1,water,10.9595,0.0,4854.7,0.0097,0.0,bourdon12,False,11.474694389176754,
BOURDON_2012,Fig4_S1,SFC-021,BOURDON12_S1,water,11.2037,0.0,4995.68,0.0097,0.0,bourdon12,False,11.474694389176754,
BOURDON_2012,Fig4_S1,SFC-021,BOURDON12_S1,water,11.7052,0.0,5607.66,0.0097,0.0,bourdon12,False,11.474694389176754,
BOURDON_2012,Fig4_S1,SFC-021,BOURDON12_S1,water,11.9625,0.0,6078.67,0.0097,0.0,bourdon12,False,11.474694389176754,
BOURDON_2012,Fig4_S1,SFC-021,BOURDON12_S1,water,12.1795,0.0,6298.28,0.0097,0.0,bourdon12,False,11.474694389176754,
BOURDON_2012,Fig4_S1,SFC-021,BOURDON12_S1,water,12.5995,0.0,6863.27,0.0097,0.0,bourdon12,False,11.474694389176754,
BOURDON_2012,Fig4_S1,SFC-021,BOURDON12_S1,water,13.0876,0.0,7380.97,0.0097,0.0,bourdon12,False,11.474694389176754,
BOURDON_2012,Fig4_S1,SFC-021,BOURDON12_S1,water,13.8736,0.0,8463.91,0.0097,0.0,bourdon12,False,11.474694389176754,
BOURDON_2012,Fig4_S1,SFC-021,BOURDON12_S1,water,14.4155,0.0,9280.13,0.0097,0.0,bourdon12,False,11.474694389176754,
BOURDON_2012,Fig4_S1,SFC-021,BOURDON12_S1,water,15.0115,0.0,10221.99,0.0097,0.0,bourdon12,False,11.474694389176754,
BOURDON_2012,Fig4_S2,SFC-022,BOURDON12_S2,water,0.2511,0.0,113.46,0.0086,0.0,bourdon12,False,11.865416021194626,"WARN: delta_T=0.25 out of [2,30] K range; FLAG: q_flux=113 out of [1e3, 5e6] W/m2 range"
BOURDON_2012,Fig4_S2,SFC-022,BOURDON12_S2,water,1.0521,0.0,284.78,0.0086,0.0,bourdon12,False,11.865416021194626,"WARN: delta_T=1.05 out of [2,30] K range; FLAG: q_flux=285 out of [1e3, 5e6] W/m2 range"
BOURDON_2012,Fig4_S2,SFC-022,BOURDON12_S2,water,1.7582,0.0,424.84,0.0086,0.0,bourdon12,False,11.865416021194626,"WARN: delta_T=1.76 out of [2,30] K range; FLAG: q_flux=425 out of [1e3, 5e6] W/m2 range"
BOURDON_2012,Fig4_S2,SFC-022,BOURDON12_S2,water,3.1159,0.0,752.23,0.0086,0.0,bourdon12,False,11.865416021194626,"FLAG: q_flux=752 out of [1e3, 5e6] W/m2 range"
BOURDON_2012,Fig4_S2,SFC-022,BOURDON12_S2,water,4.2699,0.0,1001.44,0.0086,0.0,bourdon12,False,11.865416021194626,
BOURDON_2012,Fig4_S2,SFC-022,BOURDON12_S2,water,5.3832,0.0,1266.44,0.0086,0.0,bourdon12,False,11.865416021194626,
BOURDON_2012,Fig4_S2,SFC-022,BOURDON12_S2,water,6.4829,0.0,1594.34,0.0086,0.0,bourdon12,False,11.865416021194626,
BOURDON_2012,Fig4_S2,SFC-022,BOURDON12_S2,water,8.5194,0.0,2093.29,0.0086,0.0,bourdon12,False,11.865416021194626,
BOURDON_2012,Fig4_S2,SFC-022,BOURDON12_S2,water,10.5016,0.0,2576.62,0.0086,0.0,bourdon12,False,11.865416021194626,
BOURDON_2012,Fig4_S2,SFC-022,BOURDON12_S2,water,10.9894,0.0,3220.07,0.0086,0.0,bourdon12,True,11.865416021194626,ONB_manual (was idx=7)
BOURDON_2012,Fig4_S2,SFC-022,BOURDON12_S2,water,11.9524,0.0,4051.18,0.0086,0.0,bourdon12,False,11.865416021194626,
BOURDON_2012,Fig4_S2,SFC-022,BOURDON12_S2,water,12.3723,0.0,4710.47,0.0086,0.0,bourdon12,False,11.865416021194626,
BOURDON_2012,Fig4_S2,SFC-022,BOURDON12_S2,water,12.982,0.0,5620.87,0.0086,0.0,bourdon12,False,11.865416021194626,
BOURDON_2012,Fig4_S2,SFC-022,BOURDON12_S2,water,13.7002,0.0,6593.92,0.0086,0.0,bourdon12,False,11.865416021194626,
BOURDON_2012,Fig4_S2,SFC-022,BOURDON12_S2,water,14.0518,0.0,7489.1,0.0086,0.0,bourdon12,False,11.865416021194626,
BOURDON_2012,Fig4_S3,SFC-023,BOURDON12_S3,water,0.6721,0.0,144.07,0.0076,0.0,bourdon12,False,13.222093526437584,"WARN: delta_T=0.67 out of [2,30] K range; FLAG: q_flux=144 out of [1e3, 5e6] W/m2 range"
BOURDON_2012,Fig4_S3,SFC-023,BOURDON12_S3,water,1.2559,0.0,268.66,0.0076,0.0,bourdon12,False,13.222093526437584,"WARN: delta_T=1.26 out of [2,30] K range; FLAG: q_flux=269 out of [1e3, 5e6] W/m2 range"
BOURDON_2012,Fig4_S3,SFC-023,BOURDON12_S3,water,2.0841,0.0,487.07,0.0076,0.0,bourdon12,False,13.222093526437584,"FLAG: q_flux=487 out of [1e3, 5e6] W/m2 range"
BOURDON_2012,Fig4_S3,SFC-023,BOURDON12_S3,water,3.5233,0.0,798.59,0.0076,0.0,bourdon12,False,13.222093526437584,"FLAG: q_flux=799 out of [1e3, 5e6] W/m2 range"
BOURDON_2012,Fig4_S3,SFC-023,BOURDON12_S3,water,5.5328,0.0,1203.28,0.0076,0.0,bourdon12,False,13.222093526437584,
BOURDON_2012,Fig4_S3,SFC-023,BOURDON12_S3,water,6.6324,0.0,1515.46,0.0076,0.0,bourdon12,False,13.222093526437584,
BOURDON_2012,Fig4_S3,SFC-023,BOURDON12_S3,water,8.2345,0.0,1858.09,0.0076,0.0,bourdon12,False,13.222093526437584,
BOURDON_2012,Fig4_S3,SFC-023,BOURDON12_S3,water,10.0267,0.0,2247.5,0.0076,0.0,bourdon12,False,13.222093526437584,
BOURDON_2012,Fig4_S3,SFC-023,BOURDON12_S3,water,11.588,0.0,2637.36,0.0076,0.0,bourdon12,False,13.222093526437584,
BOURDON_2012,Fig4_S3,SFC-023,BOURDON12_S3,water,12.6333,0.0,2981.08,0.0076,0.0,bourdon12,True,13.222093526437584,ONB_manual (was idx=7)
BOURDON_2012,Fig4_S3,SFC-023,BOURDON12_S3,water,12.9447,0.0,3546.28,0.0076,0.0,bourdon12,False,13.222093526437584,
BOURDON_2012,Fig4_S3,SFC-023,BOURDON12_S3,water,14.3694,0.0,4392.21,0.0076,0.0,bourdon12,False,13.222093526437584,
BOURDON_2012,Fig4_S3,SFC-023,BOURDON12_S3,water,14.8708,0.0,5114.21,0.0076,0.0,bourdon12,False,13.222093526437584,
BOURDON_2012,Fig4_S3,SFC-023,BOURDON12_S3,water,16.2677,0.0,6321.68,0.0076,0.0,bourdon12,False,13.222093526437584,
BOURDON_2012,Fig4_S3,SFC-023,BOURDON12_S3,water,17.4878,0.0,7670.95,0.0076,0.0,bourdon12,False,13.222093526437584,
BOURDON_2012,Fig6_grafted_center,SFC-025,BOURDON12_S1_grafted_C,water,0.221,0.0,279.41,0.0097,108.0,bourdon12,False,11.722662649432632,"WARN: delta_T=0.22 out of [2,30] K range; FLAG: q_flux=279 out of [1e3, 5e6] W/m2 range"
BOURDON_2012,Fig6_grafted_center,SFC-025,BOURDON12_S1_grafted_C,water,0.9643,0.0,332.01,0.0097,108.0,bourdon12,False,11.722662649432632,"WARN: delta_T=0.96 out of [2,30] K range; FLAG: q_flux=332 out of [1e3, 5e6] W/m2 range"
BOURDON_2012,Fig6_grafted_center,SFC-025,BOURDON12_S1_grafted_C,water,1.3364,0.0,469.77,0.0097,108.0,bourdon12,False,11.722662649432632,"WARN: delta_T=1.34 out of [2,30] K range; FLAG: q_flux=470 out of [1e3, 5e6] W/m2 range"
BOURDON_2012,Fig6_grafted_center,SFC-025,BOURDON12_S1_grafted_C,water,1.6944,0.0,545.55,0.0097,108.0,bourdon12,False,11.722662649432632,"WARN: delta_T=1.69 out of [2,30] K range; FLAG: q_flux=546 out of [1e3, 5e6] W/m2 range"
BOURDON_2012,Fig6_grafted_center,SFC-025,BOURDON12_S1_grafted_C,water,2.1901,0.0,634.29,0.0097,108.0,bourdon12,False,11.722662649432632,"FLAG: q_flux=634 out of [1e3, 5e6] W/m2 range"
BOURDON_2012,Fig6_grafted_center,SFC-025,BOURDON12_S1_grafted_C,water,2.5483,0.0,747.22,0.0097,108.0,bourdon12,False,11.722662649432632,"FLAG: q_flux=747 out of [1e3, 5e6] W/m2 range"
BOURDON_2012,Fig6_grafted_center,SFC-025,BOURDON12_S1_grafted_C,water,3.2923,0.0,985.59,0.0097,108.0,bourdon12,False,11.722662649432632,"FLAG: q_flux=986 out of [1e3, 5e6] W/m2 range"
BOURDON_2012,Fig6_grafted_center,SFC-025,BOURDON12_S1_grafted_C,water,4.0772,0.0,1125.05,0.0097,108.0,bourdon12,False,11.722662649432632,
BOURDON_2012,Fig6_grafted_center,SFC-025,BOURDON12_S1_grafted_C,water,4.7659,0.0,1313.65,0.0097,108.0,bourdon12,False,11.722662649432632,
BOURDON_2012,Fig6_grafted_center,SFC-025,BOURDON12_S1_grafted_C,water,5.2071,0.0,1563.15,0.0097,108.0,bourdon12,True,11.722662649432632,ONB_manual (was idx=7)
BOURDON_2012,Fig6_grafted_center,SFC-025,BOURDON12_S1_grafted_C,water,5.6209,0.0,1824.92,0.0097,108.0,bourdon12,False,11.722662649432632,
BOURDON_2012,Fig6_grafted_center,SFC-025,BOURDON12_S1_grafted_C,water,5.911,0.0,2160.48,0.0097,108.0,bourdon12,False,11.722662649432632,
BOURDON_2012,Fig6_grafted_center,SFC-025,BOURDON12_S1_grafted_C,water,6.7523,0.0,2696.46,0.0097,108.0,bourdon12,False,11.722662649432632,
BOURDON_2012,Fig6_grafted_center,SFC-025,BOURDON12_S1_grafted_C,water,7.3876,0.0,3367.82,0.0097,108.0,bourdon12,False,11.722662649432632,
BOURDON_2012,Fig6_grafted_center,SFC-025,BOURDON12_S1_grafted_C,water,7.5961,0.0,3963.1,0.0097,108.0,bourdon12,False,11.722662649432632,
BOURDON_2012,Fig6_grafted_center,SFC-025,BOURDON12_S1_grafted_C,water,8.7284,0.0,5094.71,0.0097,108.0,bourdon12,False,11.722662649432632,
BOURDON_2012,Fig6_grafted_whole,SFC-024,BOURDON12_S1_grafted,water,0.441,0.0,218.4,0.0097,108.0,bourdon12,False,10.365380804669309,"WARN: delta_T=0.44 out of [2,30] K range; FLAG: q_flux=218 out of [1e3, 5e6] W/m2 range"
BOURDON_2012,Fig6_grafted_whole,SFC-024,BOURDON12_S1_grafted,water,0.827,0.0,418.13,0.0097,108.0,bourdon12,False,10.365380804669309,"WARN: delta_T=0.83 out of [2,30] K range; FLAG: q_flux=418 out of [1e3, 5e6] W/m2 range"
BOURDON_2012,Fig6_grafted_whole,SFC-024,BOURDON12_S1_grafted,water,1.3084,0.0,345.82,0.0097,108.0,bourdon12,False,10.365380804669309,"WARN: delta_T=1.31 out of [2,30] K range; FLAG: q_flux=346 out of [1e3, 5e6] W/m2 range; FLAG: non-monotonic at idx 2"
BOURDON_2012,Fig6_grafted_whole,SFC-024,BOURDON12_S1_grafted,water,1.722,0.0,545.67,0.0097,108.0,bourdon12,False,10.365380804669309,"WARN: delta_T=1.72 out of [2,30] K range; FLAG: q_flux=546 out of [1e3, 5e6] W/m2 range"
BOURDON_2012,Fig6_grafted_whole,SFC-024,BOURDON12_S1_grafted,water,2.121,0.0,547.31,0.0097,108.0,bourdon12,False,10.365380804669309,"FLAG: q_flux=547 out of [1e3, 5e6] W/m2 range"
BOURDON_2012,Fig6_grafted_whole,SFC-024,BOURDON12_S1_grafted,water,2.3828,0.0,622.7,0.0097,108.0,bourdon12,False,10.365380804669309,"FLAG: q_flux=623 out of [1e3, 5e6] W/m2 range"
BOURDON_2012,Fig6_grafted_whole,SFC-024,BOURDON12_S1_grafted,water,2.3836,0.0,870.38,0.0097,108.0,bourdon12,False,10.365380804669309,"FLAG: q_flux=870 out of [1e3, 5e6] W/m2 range"
BOURDON_2012,Fig6_grafted_whole,SFC-024,BOURDON12_S1_grafted,water,2.9199,0.0,761.14,0.0097,108.0,bourdon12,False,10.365380804669309,"FLAG: q_flux=761 out of [1e3, 5e6] W/m2 range; FLAG: non-monotonic at idx 7"
BOURDON_2012,Fig6_grafted_whole,SFC-024,BOURDON12_S1_grafted,water,3.0999,0.0,1059.09,0.0097,108.0,bourdon12,False,10.365380804669309,
BOURDON_2012,Fig6_grafted_whole,SFC-024,BOURDON12_S1_grafted,water,3.4309,0.0,1283.37,0.0097,108.0,bourdon12,False,10.365380804669309,
BOURDON_2012,Fig6_grafted_whole,SFC-024,BOURDON12_S1_grafted,water,3.719,0.0,1012.11,0.0097,108.0,bourdon12,False,10.365380804669309,FLAG: non-monotonic at idx 10
BOURDON_2012,Fig6_grafted_whole,SFC-024,BOURDON12_S1_grafted,water,4.1738,0.0,1224.52,0.0097,108.0,bourdon12,False,10.365380804669309,
BOURDON_2012,Fig6_grafted_whole,SFC-024,BOURDON12_S1_grafted,water,4.3266,0.0,1621.43,0.0097,108.0,bourdon12,False,10.365380804669309,
BOURDON_2012,Fig6_grafted_whole,SFC-024,BOURDON12_S1_grafted,water,4.5738,0.0,1473.85,0.0097,108.0,bourdon12,False,10.365380804669309,FLAG: non-monotonic at idx 13
BOURDON_2012,Fig6_grafted_whole,SFC-024,BOURDON12_S1_grafted,water,4.5872,0.0,1387.22,0.0097,108.0,bourdon12,False,10.365380804669309,FLAG: non-monotonic at idx 14
BOURDON_2012,Fig6_grafted_whole,SFC-024,BOURDON12_S1_grafted,water,4.9738,0.0,1747.94,0.0097,108.0,bourdon12,False,10.365380804669309,
BOURDON_2012,Fig6_grafted_whole,SFC-024,BOURDON12_S1_grafted,water,5.1673,0.0,1984.04,0.0097,108.0,bourdon12,True,10.365380804669309,ONB_manual (was idx=10)
BOURDON_2012,Fig6_grafted_whole,SFC-024,BOURDON12_S1_grafted,water,5.4152,0.0,2046.98,0.0097,108.0,bourdon12,False,10.365380804669309,
BOURDON_2012,Fig6_grafted_whole,SFC-024,BOURDON12_S1_grafted,water,5.7603,0.0,2358.0,0.0097,108.0,bourdon12,False,10.365380804669309,
BOURDON_2012,Fig6_grafted_whole,SFC-024,BOURDON12_S1_grafted,water,6.2022,0.0,2805.65,0.0097,108.0,bourdon12,False,10.365380804669309,
BOURDON_2012,Fig6_grafted_whole,SFC-024,BOURDON12_S1_grafted,water,6.2149,0.0,2508.49,0.0097,108.0,bourdon12,False,10.365380804669309,FLAG: non-monotonic at idx 20
BOURDON_2012,Fig6_grafted_whole,SFC-024,BOURDON12_S1_grafted,water,6.3536,0.0,2818.66,0.0097,108.0,bourdon12,False,10.365380804669309,
BOURDON_2012,Fig6_grafted_whole,SFC-024,BOURDON12_S1_grafted,water,6.6981,0.0,2956.3,0.0097,108.0,bourdon12,False,10.365380804669309,
BOURDON_2012,Fig6_grafted_whole,SFC-024,BOURDON12_S1_grafted,water,6.8092,0.0,3241.59,0.0097,108.0,bourdon12,False,10.365380804669309,
BOURDON_2012,Fig6_grafted_whole,SFC-024,BOURDON12_S1_grafted,water,7.3333,0.0,3565.73,0.0097,108.0,bourdon12,False,10.365380804669309,
BOURDON_2012,Fig6_grafted_whole,SFC-024,BOURDON12_S1_grafted,water,7.3477,0.0,3776.32,0.0097,108.0,bourdon12,False,10.365380804669309,
BOURDON_2012,Fig6_grafted_whole,SFC-024,BOURDON12_S1_grafted,water,8.1769,0.0,4770.45,0.0097,108.0,bourdon12,False,10.365380804669309,
BOURDON_2012,Fig6_grafted_whole,SFC-024,BOURDON12_S1_grafted,water,8.189,0.0,4287.53,0.0097,108.0,bourdon12,False,10.365380804669309,FLAG: non-monotonic at idx 27
BOURDON_2012,Fig6_grafted_whole,SFC-024,BOURDON12_S1_grafted,water,8.4546,0.0,5514.64,0.0097,108.0,bourdon12,False,10.365380804669309,
BOURDON_2012,Fig6_grafted_whole,SFC-024,BOURDON12_S1_grafted,water,8.7835,0.0,5107.32,0.0097,108.0,bourdon12,False,10.365380804669309,FLAG: non-monotonic at idx 29
BOURDON_2012,Fig6_grafted_whole,SFC-024,BOURDON12_S1_grafted,water,9.0634,0.0,6470.71,0.0097,108.0,bourdon12,False,10.365380804669309,
BOURDON_2012,Fig6_ungrafted,SFC-021,BOURDON12_S1,water,0.2901,0.0,341.61,0.0097,0.0,bourdon12,False,11.474694389176754,"WARN: delta_T=0.29 out of [2,30] K range; FLAG: q_flux=342 out of [1e3, 5e6] W/m2 range"
BOURDON_2012,Fig6_ungrafted,SFC-021,BOURDON12_S1,water,1.185,0.0,456.76,0.0097,0.0,bourdon12,False,11.474694389176754,"WARN: delta_T=1.18 out of [2,30] K range; FLAG: q_flux=457 out of [1e3, 5e6] W/m2 range"
BOURDON_2012,Fig6_ungrafted,SFC-021,BOURDON12_S1,water,1.7777,0.0,744.04,0.0097,0.0,bourdon12,False,11.474694389176754,"WARN: delta_T=1.78 out of [2,30] K range; FLAG: q_flux=744 out of [1e3, 5e6] W/m2 range"
BOURDON_2012,Fig6_ungrafted,SFC-021,BOURDON12_S1,water,3.4014,0.0,713.59,0.0097,0.0,bourdon12,False,11.474694389176754,"FLAG: q_flux=714 out of [1e3, 5e6] W/m2 range; FLAG: non-monotonic at idx 3"
BOURDON_2012,Fig6_ungrafted,SFC-021,BOURDON12_S1,water,4.393,0.0,915.83,0.0097,0.0,bourdon12,False,11.474694389176754,"FLAG: q_flux=916 out of [1e3, 5e6] W/m2 range"
BOURDON_2012,Fig6_ungrafted,SFC-021,BOURDON12_S1,water,5.2881,0.0,1105.28,0.0097,0.0,bourdon12,False,11.474694389176754,
BOURDON_2012,Fig6_ungrafted,SFC-021,BOURDON12_S1,water,6.4036,0.0,1357.56,0.0097,0.0,bourdon12,False,11.474694389176754,
BOURDON_2012,Fig6_ungrafted,SFC-021,BOURDON12_S1,water,6.8592,0.0,1780.5,0.0097,0.0,bourdon12,False,11.474694389176754,
BOURDON_2012,Fig6_ungrafted,SFC-021,BOURDON12_S1,water,7.4778,0.0,1572.52,0.0097,0.0,bourdon12,False,11.474694389176754,FLAG: non-monotonic at idx 8
BOURDON_2012,Fig6_ungrafted,SFC-021,BOURDON12_S1,water,7.7676,0.0,1809.01,0.0097,0.0,bourdon12,False,11.474694389176754,
BOURDON_2012,Fig6_ungrafted,SFC-021,BOURDON12_S1,water,8.223,0.0,2194.79,0.0097,0.0,bourdon12,False,11.474694389176754,
BOURDON_2012,Fig6_ungrafted,SFC-021,BOURDON12_S1,water,8.2639,0.0,2058.74,0.0097,0.0,bourdon12,False,11.474694389176754,FLAG: non-monotonic at idx 11
BOURDON_2012,Fig6_ungrafted,SFC-021,BOURDON12_S1,water,8.2656,0.0,2566.49,0.0097,0.0,bourdon12,False,11.474694389176754,
BOURDON_2012,Fig6_ungrafted,SFC-021,BOURDON12_S1,water,8.9402,0.0,2643.57,0.0097,0.0,bourdon12,True,11.474694389176754,ONB_manual (was idx=8)
BOURDON_2012,Fig6_ungrafted,SFC-021,BOURDON12_S1,water,8.9551,0.0,2990.39,0.0097,0.0,bourdon12,False,11.474694389176754,
BOURDON_2012,Fig6_ungrafted,SFC-021,BOURDON12_S1,water,9.4387,0.0,3537.27,0.0097,0.0,bourdon12,False,11.474694389176754,
BOURDON_2012,Fig6_ungrafted,SFC-021,BOURDON12_S1,water,9.7681,0.0,3303.34,0.0097,0.0,bourdon12,False,11.474694389176754,FLAG: non-monotonic at idx 16
BOURDON_2012,Fig6_ungrafted,SFC-021,BOURDON12_S1,water,10.3342,0.0,3825.8,0.0097,0.0,bourdon12,False,11.474694389176754,
BOURDON_2012,Fig6_ungrafted,SFC-021,BOURDON12_S1,water,10.363,0.0,4222.2,0.0097,0.0,bourdon12,False,11.474694389176754,
BOURDON_2012,Fig6_ungrafted,SFC-021,BOURDON12_S1,water,10.7767,0.0,4446.82,0.0097,0.0,bourdon12,False,11.474694389176754,
BOURDON_2012,Fig6_ungrafted,SFC-021,BOURDON12_S1,water,10.9985,0.0,4918.32,0.0097,0.0,bourdon12,False,11.474694389176754,
BOURDON_2012,Fig6_ungrafted,SFC-021,BOURDON12_S1,water,11.2329,0.0,5067.9,0.0097,0.0,bourdon12,False,11.474694389176754,
BOURDON_2012,Fig6_ungrafted,SFC-021,BOURDON12_S1,water,11.7166,0.0,5664.32,0.0097,0.0,bourdon12,False,11.474694389176754,
BOURDON_2012,Fig6_ungrafted,SFC-021,BOURDON12_S1,water,11.9934,0.0,6111.29,0.0097,0.0,bourdon12,False,11.474694389176754,
BOURDON_2012,Fig6_ungrafted,SFC-021,BOURDON12_S1,water,12.2144,0.0,6347.49,0.0097,0.0,bourdon12,False,11.474694389176754,
BOURDON_2012,Fig6_ungrafted,SFC-021,BOURDON12_S1,water,12.6017,0.0,6931.13,0.0097,0.0,bourdon12,False,11.474694389176754,
BOURDON_2012,Fig6_ungrafted,SFC-021,BOURDON12_S1,water,13.1127,0.0,7465.75,0.0097,0.0,bourdon12,False,11.474694389176754,
BOURDON_2012,Fig6_ungrafted,SFC-021,BOURDON12_S1,water,13.9147,0.0,8558.85,0.0097,0.0,bourdon12,False,11.474694389176754,
BOURDON_2012,Fig6_ungrafted,SFC-021,BOURDON12_S1,water,14.4817,0.0,9378.52,0.0097,0.0,bourdon12,False,11.474694389176754,
BOURDON_2012,Fig6_ungrafted,SFC-021,BOURDON12_S1,water,15.1042,0.0,10309.89,0.0097,0.0,bourdon12,False,11.474694389176754,
BOURDON_2015,Fig3_ONB_vs_theta,SFC-029,BOURDON15_OTS,water,2.6,0.0,15000.0,0.00043,101.6,bourdon15,True,3.7458250870918177,theta_contact=101.6deg; ONB_diagram_point
BOURDON_2015,Fig3_ONB_vs_theta,SFC-028,BOURDON15_AcOUTES,water,4.5043,0.0,15000.0,0.00043,70.8,bourdon15,True,3.519627157931067,theta_contact=70.8deg; ONB_diagram_point
BOURDON_2015,Fig3_ONB_vs_theta,SFC-027,BOURDON15_MPEGPTMS,water,9.3826,0.0,15000.0,0.00043,33.5,bourdon15,True,5.079776527500742,theta_contact=33.5deg; ONB_diagram_point
BOURDON_2015,Fig3_ONB_vs_theta,SFC-026,BOURDON15_NotGrafted,water,18.4348,0.0,15000.0,0.00043,11.1,bourdon15,True,7.1203644169317215,theta_contact=11.1deg; ONB_diagram_point
BOURDON_2015,Fig7_AcOUTES,SFC-028,BOURDON15_AcOUTES,water,0.7734,0.0,3467.15,0.00043,70.8,bourdon15,False,3.519627157931067,"WARN: delta_T=0.77 out of [2,30] K range"
BOURDON_2015,Fig7_AcOUTES,SFC-028,BOURDON15_AcOUTES,water,1.9372,0.0,4288.32,0.00043,70.8,bourdon15,False,3.519627157931067,"WARN: delta_T=1.94 out of [2,30] K range"
BOURDON_2015,Fig7_AcOUTES,SFC-028,BOURDON15_AcOUTES,water,2.4273,0.0,5054.74,0.00043,70.8,bourdon15,False,3.519627157931067,
BOURDON_2015,Fig7_AcOUTES,SFC-028,BOURDON15_AcOUTES,water,3.7136,0.0,5985.4,0.00043,70.8,bourdon15,False,3.519627157931067,
BOURDON_2015,Fig7_AcOUTES,SFC-028,BOURDON15_AcOUTES,water,5.7044,0.0,8120.44,0.00043,70.8,bourdon15,False,3.519627157931067,
BOURDON_2015,Fig7_AcOUTES,SFC-028,BOURDON15_AcOUTES,water,6.3476,0.0,8722.63,0.00043,70.8,bourdon15,False,3.519627157931067,
BOURDON_2015,Fig7_AcOUTES,SFC-028,BOURDON15_AcOUTES,water,6.5926,0.0,9270.07,0.00043,70.8,bourdon15,False,3.519627157931067,
BOURDON_2015,Fig7_AcOUTES,SFC-028,BOURDON15_AcOUTES,water,7.0214,0.0,9817.52,0.00043,70.8,bourdon15,False,3.519627157931067,
BOURDON_2015,Fig7_AcOUTES,SFC-028,BOURDON15_AcOUTES,water,8.0322,0.0,10364.96,0.00043,70.8,bourdon15,False,3.519627157931067,
BOURDON_2015,Fig7_AcOUTES,SFC-028,BOURDON15_AcOUTES,water,9.0735,0.0,11788.32,0.00043,70.8,bourdon15,False,3.519627157931067,
BOURDON_2015,Fig7_AcOUTES,SFC-028,BOURDON15_AcOUTES,water,11.0031,0.0,13485.4,0.00043,70.8,bourdon15,False,3.519627157931067,
BOURDON_2015,Fig7_AcOUTES,SFC-028,BOURDON15_AcOUTES,water,13.7289,0.0,16167.88,0.00043,70.8,bourdon15,False,3.519627157931067,
BOURDON_2015,Fig7_AcOUTES,SFC-028,BOURDON15_AcOUTES,water,16.9449,0.0,17919.71,0.00043,70.8,bourdon15,False,3.519627157931067,
BOURDON_2015,Fig7_AcOUTES,SFC-028,BOURDON15_AcOUTES,water,18.3538,0.0,19178.83,0.00043,70.8,bourdon15,False,3.519627157931067,
BOURDON_2015,Fig7_AcOUTES,SFC-028,BOURDON15_AcOUTES,water,18.8744,0.0,19562.04,0.00043,70.8,bourdon15,False,3.519627157931067,
BOURDON_2015,Fig7_MPEGPTMS,SFC-027,BOURDON15_MPEGPTMS,water,0.7427,0.0,3521.9,0.00043,33.5,bourdon15,False,5.079776527500742,"WARN: delta_T=0.74 out of [2,30] K range"
BOURDON_2015,Fig7_MPEGPTMS,SFC-027,BOURDON15_MPEGPTMS,water,2.0904,0.0,4343.07,0.00043,33.5,bourdon15,False,5.079776527500742,
BOURDON_2015,Fig7_MPEGPTMS,SFC-027,BOURDON15_MPEGPTMS,water,2.3047,0.0,4616.79,0.00043,33.5,bourdon15,False,5.079776527500742,
BOURDON_2015,Fig7_MPEGPTMS,SFC-027,BOURDON15_MPEGPTMS,water,2.856,0.0,5054.74,0.00043,33.5,bourdon15,False,5.079776527500742,
BOURDON_2015,Fig7_MPEGPTMS,SFC-027,BOURDON15_MPEGPTMS,water,3.8361,0.0,5766.42,0.00043,33.5,bourdon15,False,5.079776527500742,
BOURDON_2015,Fig7_MPEGPTMS,SFC-027,BOURDON15_MPEGPTMS,water,4.4793,0.0,6423.36,0.00043,33.5,bourdon15,False,5.079776527500742,
BOURDON_2015,Fig7_MPEGPTMS,SFC-027,BOURDON15_MPEGPTMS,water,5.6738,0.0,7463.5,0.00043,33.5,bourdon15,False,5.079776527500742,
BOURDON_2015,Fig7_MPEGPTMS,SFC-027,BOURDON15_MPEGPTMS,water,6.2864,0.0,7956.2,0.00043,33.5,bourdon15,False,5.079776527500742,
BOURDON_2015,Fig7_MPEGPTMS,SFC-027,BOURDON15_MPEGPTMS,water,6.5926,0.0,8339.42,0.00043,33.5,bourdon15,False,5.079776527500742,
BOURDON_2015,Fig7_MPEGPTMS,SFC-027,BOURDON15_MPEGPTMS,water,7.0827,0.0,8722.63,0.00043,33.5,bourdon15,False,5.079776527500742,
BOURDON_2015,Fig7_MPEGPTMS,SFC-027,BOURDON15_MPEGPTMS,water,7.6034,0.0,9051.09,0.00043,33.5,bourdon15,False,5.079776527500742,
BOURDON_2015,Fig7_MPEGPTMS,SFC-027,BOURDON15_MPEGPTMS,water,8.3997,0.0,9817.52,0.00043,33.5,bourdon15,False,5.079776527500742,
BOURDON_2015,Fig7_MPEGPTMS,SFC-027,BOURDON15_MPEGPTMS,water,8.8591,0.0,10200.73,0.00043,33.5,bourdon15,False,5.079776527500742,
BOURDON_2015,Fig7_MPEGPTMS,SFC-027,BOURDON15_MPEGPTMS,water,9.3185,0.0,10583.94,0.00043,33.5,bourdon15,False,5.079776527500742,
BOURDON_2015,Fig7_MPEGPTMS,SFC-027,BOURDON15_MPEGPTMS,water,9.6554,0.0,10912.41,0.00043,33.5,bourdon15,False,5.079776527500742,
BOURDON_2015,Fig7_MPEGPTMS,SFC-027,BOURDON15_MPEGPTMS,water,10.3292,0.0,11459.85,0.00043,33.5,bourdon15,False,5.079776527500742,
BOURDON_2015,Fig7_MPEGPTMS,SFC-027,BOURDON15_MPEGPTMS,water,11.0643,0.0,12116.79,0.00043,33.5,bourdon15,False,5.079776527500742,
BOURDON_2015,Fig7_MPEGPTMS,SFC-027,BOURDON15_MPEGPTMS,water,12.5345,0.0,13156.93,0.00043,33.5,bourdon15,False,5.079776527500742,
BOURDON_2015,Fig7_MPEGPTMS,SFC-027,BOURDON15_MPEGPTMS,water,13.4533,0.0,13704.38,0.00043,33.5,bourdon15,False,5.079776527500742,
BOURDON_2015,Fig7_MPEGPTMS,SFC-027,BOURDON15_MPEGPTMS,water,14.8928,0.0,14525.55,0.00043,33.5,bourdon15,False,5.079776527500742,
BOURDON_2015,Fig7_MPEGPTMS,SFC-027,BOURDON15_MPEGPTMS,water,15.7504,0.0,15072.99,0.00043,33.5,bourdon15,False,5.079776527500742,
BOURDON_2015,Fig7_MPEGPTMS,SFC-027,BOURDON15_MPEGPTMS,water,16.3629,0.0,15401.46,0.00043,33.5,bourdon15,False,5.079776527500742,
BOURDON_2015,Fig7_MPEGPTMS,SFC-027,BOURDON15_MPEGPTMS,water,18.0475,0.0,16496.35,0.00043,33.5,bourdon15,False,5.079776527500742,
BOURDON_2015,Fig7_MPEGPTMS,SFC-027,BOURDON15_MPEGPTMS,water,19.2726,0.0,17208.03,0.00043,33.5,bourdon15,False,5.079776527500742,
BOURDON_2015,Fig7_MPEGPTMS,SFC-027,BOURDON15_MPEGPTMS,water,20.0383,0.0,17591.24,0.00043,33.5,bourdon15,False,5.079776527500742,
BOURDON_2015,Fig7_MPEGPTMS,SFC-027,BOURDON15_MPEGPTMS,water,20.6202,0.0,17974.45,0.00043,33.5,bourdon15,False,5.079776527500742,
BOURDON_2015,Fig7_NotGrafted,SFC-026,BOURDON15_NotGrafted,water,3.438,0.0,5054.74,0.00043,11.1,bourdon15,False,7.1203644169317215,
BOURDON_2015,Fig7_NotGrafted,SFC-026,BOURDON15_NotGrafted,water,7.8178,0.0,11021.9,0.00043,11.1,bourdon15,False,7.1203644169317215,
BOURDON_2015,Fig7_NotGrafted,SFC-026,BOURDON15_NotGrafted,water,8.7979,0.0,12335.77,0.00043,11.1,bourdon15,False,7.1203644169317215,
BOURDON_2015,Fig7_NotGrafted,SFC-026,BOURDON15_NotGrafted,water,10.3292,0.0,14416.06,0.00043,11.1,bourdon15,False,7.1203644169317215,
BOURDON_2015,Fig7_NotGrafted,SFC-026,BOURDON15_NotGrafted,water,11.2175,0.0,15510.95,0.00043,11.1,bourdon15,False,7.1203644169317215,
BOURDON_2015,Fig7_NotGrafted,SFC-026,BOURDON15_NotGrafted,water,12.075,0.0,16660.58,0.00043,11.1,bourdon15,False,7.1203644169317215,
BOURDON_2015,Fig7_NotGrafted,SFC-026,BOURDON15_NotGrafted,water,12.4426,0.0,16989.05,0.00043,11.1,bourdon15,False,7.1203644169317215,
BOURDON_2015,Fig7_NotGrafted,SFC-026,BOURDON15_NotGrafted,water,13.6371,0.0,18686.13,0.00043,11.1,bourdon15,False,7.1203644169317215,
BOURDON_2015,Fig7_NotGrafted,SFC-026,BOURDON15_NotGrafted,water,14.0352,0.0,19233.58,0.00043,11.1,bourdon15,False,7.1203644169317215,
BOURDON_2015,Fig7_NotGrafted,SFC-026,BOURDON15_NotGrafted,water,14.8928,0.0,20766.42,0.00043,11.1,bourdon15,False,7.1203644169317215,
BOURDON_2015,Fig7_NotGrafted,SFC-026,BOURDON15_NotGrafted,water,15.3216,0.0,21204.38,0.00043,11.1,bourdon15,False,7.1203644169317215,
BOURDON_2015,Fig7_NotGrafted,SFC-026,BOURDON15_NotGrafted,water,15.9648,0.0,21861.31,0.00043,11.1,bourdon15,False,7.1203644169317215,
BOURDON_2015,Fig7_NotGrafted,SFC-026,BOURDON15_NotGrafted,water,16.9142,0.0,23010.95,0.00043,11.1,bourdon15,False,7.1203644169317215,
BOURDON_2015,Fig7_NotGrafted,SFC-026,BOURDON15_NotGrafted,water,18.3231,0.0,24872.26,0.00043,11.1,bourdon15,False,7.1203644169317215,
BOURDON_2015,Fig7_NotGrafted,SFC-026,BOURDON15_NotGrafted,water,18.6294,0.0,25145.99,0.00043,11.1,bourdon15,False,7.1203644169317215,
BOURDON_2015,Fig7_NotGrafted,SFC-026,BOURDON15_NotGrafted,water,19.1807,0.0,25748.18,0.00043,11.1,bourdon15,False,7.1203644169317215,
BOURDON_2015,Fig7_NotGrafted,SFC-026,BOURDON15_NotGrafted,water,22.5804,0.0,28923.36,0.00043,11.1,bourdon15,False,7.1203644169317215,
BOURDON_2015,Fig7_NotGrafted,SFC-026,BOURDON15_NotGrafted,water,23.4992,0.0,29908.76,0.00043,11.1,bourdon15,False,7.1203644169317215,
BOURDON_2015,Fig7_NotGrafted,SFC-026,BOURDON15_NotGrafted,water,23.4992,0.0,29963.5,0.00043,11.1,bourdon15,False,7.1203644169317215,
BOURDON_2015,Fig7_NotGrafted,SFC-026,BOURDON15_NotGrafted,water,24.9081,0.0,31770.07,0.00043,11.1,bourdon15,False,7.1203644169317215,
BOURDON_2015,Fig7_NotGrafted,SFC-026,BOURDON15_NotGrafted,water,25.7963,0.0,32864.96,0.00043,11.1,bourdon15,False,7.1203644169317215,
BOURDON_2015,Fig7_NotGrafted,SFC-026,BOURDON15_NotGrafted,water,27.1746,0.0,33795.62,0.00043,11.1,bourdon15,False,7.1203644169317215,
BOURDON_2015,Fig7_NotGrafted,SFC-026,BOURDON15_NotGrafted,water,29.2879,0.0,35383.21,0.00043,11.1,bourdon15,False,7.1203644169317215,
BOURDON_2015,Fig7_OTS,SFC-029,BOURDON15_OTS,water,0.9877,0.0,2372.26,0.00043,101.6,bourdon15,False,3.7458250870918177,"WARN: delta_T=0.99 out of [2,30] K range"
BOURDON_2015,Fig7_OTS,SFC-029,BOURDON15_OTS,water,2.0904,0.0,3302.92,0.00043,101.6,bourdon15,False,3.7458250870918177,
BOURDON_2015,Fig7_OTS,SFC-029,BOURDON15_OTS,water,3.0704,0.0,4835.77,0.00043,101.6,bourdon15,False,3.7458250870918177,
BOURDON_2015,Fig7_OTS,SFC-029,BOURDON15_OTS,water,4.173,0.0,6313.87,0.00043,101.6,bourdon15,False,3.7458250870918177,
BOURDON_2015,Fig7_OTS,SFC-029,BOURDON15_OTS,water,5.0306,0.0,8941.61,0.00043,101.6,bourdon15,True,3.7458250870918177,ONB_manual (was idx=2)
BOURDON_2015,Fig7_OTS,SFC-029,BOURDON15_OTS,water,5.9188,0.0,12937.96,0.00043,101.6,bourdon15,False,3.7458250870918177,
BOURDON_2015,Fig7_OTS,SFC-029,BOURDON15_OTS,water,6.9908,0.0,16496.35,0.00043,101.6,bourdon15,False,3.7458250870918177,
JABARDO_2009,Fig10a_Br_Ra0p08P,SFC-039,JABARDO_Br_Ra0p08P,R-134a,3.3613,0.0,1679.35,0.08,,jabardo_br,False,1.8474359494728219,
JABARDO_2009,Fig10a_Br_Ra0p08P,SFC-039,JABARDO_Br_Ra0p08P,R-134a,4.8761,0.0,2906.8,0.08,,jabardo_br,False,1.8474359494728219,
JABARDO_2009,Fig10a_Br_Ra0p08P,SFC-039,JABARDO_Br_Ra0p08P,R-134a,6.1788,0.0,4535.87,0.08,,jabardo_br,True,1.8474359494728219,"ONB_auto (hint=[5.0,18.0]K)"
JABARDO_2009,Fig10a_Br_Ra0p08P,SFC-039,JABARDO_Br_Ra0p08P,R-134a,6.5957,0.0,5777.32,0.08,,jabardo_br,False,1.8474359494728219,
JABARDO_2009,Fig10a_Br_Ra0p08P,SFC-039,JABARDO_Br_Ra0p08P,R-134a,7.1732,0.0,7885.16,0.08,,jabardo_br,False,1.8474359494728219,
JABARDO_2009,Fig10a_Br_Ra0p08P,SFC-039,JABARDO_Br_Ra0p08P,R-134a,7.7576,0.0,11044.65,0.08,,jabardo_br,False,1.8474359494728219,
JABARDO_2009,Fig10a_Br_Ra0p08P,SFC-039,JABARDO_Br_Ra0p08P,R-134a,8.0536,0.0,14944.59,0.08,,jabardo_br,False,1.8474359494728219,
JABARDO_2009,Fig10a_Br_Ra0p08P,SFC-039,JABARDO_Br_Ra0p08P,R-134a,8.1946,0.0,16505.78,0.08,,jabardo_br,False,1.8474359494728219,
JABARDO_2009,Fig10a_Br_Ra0p08P,SFC-039,JABARDO_Br_Ra0p08P,R-134a,8.7073,0.0,22430.77,0.08,,jabardo_br,False,1.8474359494728219,
JABARDO_2009,Fig10a_Br_Ra0p08P,SFC-039,JABARDO_Br_Ra0p08P,R-134a,9.0725,0.0,29702.67,0.08,,jabardo_br,False,1.8474359494728219,
JABARDO_2009,Fig10a_Br_Ra0p08P,SFC-039,JABARDO_Br_Ra0p08P,R-134a,9.5187,0.0,37184.03,0.08,,jabardo_br,False,1.8474359494728219,
JABARDO_2009,Fig10a_Br_Ra0p08P,SFC-039,JABARDO_Br_Ra0p08P,R-134a,9.9205,0.0,45950.36,0.08,,jabardo_br,False,1.8474359494728219,
JABARDO_2009,Fig10a_Br_Ra0p08P,SFC-039,JABARDO_Br_Ra0p08P,R-134a,10.2532,0.0,52535.19,0.08,,jabardo_br,False,1.8474359494728219,
JABARDO_2009,Fig10a_Br_Ra0p08P,SFC-039,JABARDO_Br_Ra0p08P,R-134a,10.6255,0.0,61375.14,0.08,,jabardo_br,False,1.8474359494728219,
JABARDO_2009,Fig10a_Br_Ra0p08P,SFC-039,JABARDO_Br_Ra0p08P,R-134a,10.8761,0.0,66913.84,0.08,,jabardo_br,False,1.8474359494728219,
JABARDO_2009,Fig10a_Br_Ra0p08P,SFC-039,JABARDO_Br_Ra0p08P,R-134a,11.1924,0.0,76173.01,0.08,,jabardo_br,False,1.8474359494728219,
JABARDO_2009,Fig10a_Br_Ra0p90SP,SFC-040,JABARDO_Br_Ra0p90SP,R-134a,2.348,0.0,2030.92,0.9,,jabardo_br,False,1.3189558919988644,
JABARDO_2009,Fig10a_Br_Ra0p90SP,SFC-040,JABARDO_Br_Ra0p90SP,R-134a,2.9385,0.0,3734.5,0.9,,jabardo_br,False,1.3189558919988644,
JABARDO_2009,Fig10a_Br_Ra0p90SP,SFC-040,JABARDO_Br_Ra0p90SP,R-134a,3.4611,0.0,5485.45,0.9,,jabardo_br,True,1.3189558919988644,"ONB_auto (hint=[3.0,12.0]K)"
JABARDO_2009,Fig10a_Br_Ra0p90SP,SFC-040,JABARDO_Br_Ra0p90SP,R-134a,3.8132,0.0,7584.47,0.9,,jabardo_br,False,1.3189558919988644,
JABARDO_2009,Fig10a_Br_Ra0p90SP,SFC-040,JABARDO_Br_Ra0p90SP,R-134a,4.8636,0.0,15139.54,0.9,,jabardo_br,False,1.3189558919988644,
JABARDO_2009,Fig10a_Br_Ra0p90SP,SFC-040,JABARDO_Br_Ra0p90SP,R-134a,5.4523,0.0,23119.45,0.9,,jabardo_br,False,1.3189558919988644,
JABARDO_2009,Fig10a_Br_Ra0p90SP,SFC-040,JABARDO_Br_Ra0p90SP,R-134a,6.0269,0.0,30880.27,0.9,,jabardo_br,False,1.3189558919988644,
JABARDO_2009,Fig10a_Br_Ra0p90SP,SFC-040,JABARDO_Br_Ra0p90SP,R-134a,6.271,0.0,38825.6,0.9,,jabardo_br,False,1.3189558919988644,
JABARDO_2009,Fig10a_Br_Ra0p90SP,SFC-040,JABARDO_Br_Ra0p90SP,R-134a,6.542,0.0,45950.36,0.9,,jabardo_br,False,1.3189558919988644,
JABARDO_2009,Fig10a_Br_Ra0p90SP,SFC-040,JABARDO_Br_Ra0p90SP,R-134a,6.6767,0.0,52535.19,0.9,,jabardo_br,False,1.3189558919988644,
JABARDO_2009,Fig10a_Br_Ra0p90SP,SFC-040,JABARDO_Br_Ra0p90SP,R-134a,6.8005,0.0,60323.68,0.9,,jabardo_br,False,1.3189558919988644,
JABARDO_2009,Fig10a_Br_Ra0p90SP,SFC-040,JABARDO_Br_Ra0p90SP,R-134a,6.808,0.0,68080.17,0.9,,jabardo_br,False,1.3189558919988644,
JABARDO_2009,Fig10a_Br_Ra1p2SPI,SFC-041,JABARDO_Br_Ra1p2SPI,R-134a,2.4645,0.0,1878.98,1.2,,jabardo_br,True,1.7197221446395043,"ONB_auto (hint=[2.0,10.0]K)"
JABARDO_2009,Fig10a_Br_Ra1p2SPI,SFC-041,JABARDO_Br_Ra1p2SPI,R-134a,2.8653,0.0,3734.5,1.2,,jabardo_br,False,1.7197221446395043,
JABARDO_2009,Fig10a_Br_Ra1p2SPI,SFC-041,JABARDO_Br_Ra1p2SPI,R-134a,3.2475,0.0,5802.33,1.2,,jabardo_br,False,1.7197221446395043,
JABARDO_2009,Fig10a_Br_Ra1p2SPI,SFC-041,JABARDO_Br_Ra1p2SPI,R-134a,3.7012,0.0,8092.22,1.2,,jabardo_br,False,1.7197221446395043,
JABARDO_2009,Fig10a_Br_Ra1p2SPI,SFC-041,JABARDO_Br_Ra1p2SPI,R-134a,4.5227,0.0,15671.91,1.2,,jabardo_br,False,1.7197221446395043,
JABARDO_2009,Fig10a_Br_Ra1p2SPI,SFC-041,JABARDO_Br_Ra1p2SPI,R-134a,5.1155,0.0,22527.89,1.2,,jabardo_br,False,1.7197221446395043,
JABARDO_2009,Fig10a_Br_Ra1p2SPI,SFC-041,JABARDO_Br_Ra1p2SPI,R-134a,5.6321,0.0,30351.23,1.2,,jabardo_br,False,1.7197221446395043,
JABARDO_2009,Fig10a_Br_Ra1p2SPI,SFC-041,JABARDO_Br_Ra1p2SPI,R-134a,6.022,0.0,37995.95,1.2,,jabardo_br,False,1.7197221446395043,
JABARDO_2009,Fig10a_Br_Ra1p2SPI,SFC-041,JABARDO_Br_Ra1p2SPI,R-134a,6.3685,0.0,46751.29,1.2,,jabardo_br,False,1.7197221446395043,
JABARDO_2009,Fig10a_Br_Ra1p2SPI,SFC-041,JABARDO_Br_Ra1p2SPI,R-134a,6.4996,0.0,53450.89,1.2,,jabardo_br,False,1.7197221446395043,
JABARDO_2009,Fig10a_Br_Ra1p2SPI,SFC-041,JABARDO_Br_Ra1p2SPI,R-134a,6.6886,0.0,60847.14,1.2,,jabardo_br,False,1.7197221446395043,
JABARDO_2009,Fig10a_Br_Ra1p2SPI,SFC-041,JABARDO_Br_Ra1p2SPI,R-134a,6.736,0.0,67786.7,1.2,,jabardo_br,False,1.7197221446395043,
JABARDO_2009,Fig10a_Br_Ra1p8SPI,SFC-042,JABARDO_Br_Ra1p8SPI,R-134a,1.3309,0.0,2030.92,1.8,,jabardo_br,False,1.083536268862558,"WARN: delta_T=1.33 out of [2,30] K range"
JABARDO_2009,Fig10a_Br_Ra1p8SPI,SFC-042,JABARDO_Br_Ra1p8SPI,R-134a,1.7687,0.0,3916.25,1.8,,jabardo_br,False,1.083536268862558,"WARN: delta_T=1.77 out of [2,30] K range"
JABARDO_2009,Fig10a_Br_Ra1p8SPI,SFC-042,JABARDO_Br_Ra1p8SPI,R-134a,2.0743,0.0,5727.61,1.8,,jabardo_br,True,1.083536268862558,"ONB_auto (hint=[2.0,10.0]K)"
JABARDO_2009,Fig10a_Br_Ra1p8SPI,SFC-042,JABARDO_Br_Ra1p8SPI,R-134a,2.4076,0.0,7783.63,1.8,,jabardo_br,False,1.083536268862558,
JABARDO_2009,Fig10a_Br_Ra1p8SPI,SFC-042,JABARDO_Br_Ra1p8SPI,R-134a,3.2223,0.0,15403.42,1.8,,jabardo_br,False,1.083536268862558,
JABARDO_2009,Fig10a_Br_Ra1p8SPI,SFC-042,JABARDO_Br_Ra1p8SPI,R-134a,3.8462,0.0,23219.54,1.8,,jabardo_br,False,1.083536268862558,
JABARDO_2009,Fig10a_Br_Ra1p8SPI,SFC-042,JABARDO_Br_Ra1p8SPI,R-134a,4.2755,0.0,30220.4,1.8,,jabardo_br,False,1.083536268862558,
JABARDO_2009,Fig10a_Br_Ra1p8SPI,SFC-042,JABARDO_Br_Ra1p8SPI,R-134a,4.6387,0.0,37669.08,1.8,,jabardo_br,False,1.083536268862558,
JABARDO_2009,Fig10a_Br_Ra1p8SPI,SFC-042,JABARDO_Br_Ra1p8SPI,R-134a,4.9138,0.0,45555.06,1.8,,jabardo_br,False,1.083536268862558,
JABARDO_2009,Fig10a_Br_Ra1p8SPI,SFC-042,JABARDO_Br_Ra1p8SPI,R-134a,5.1261,0.0,53914.72,1.8,,jabardo_br,False,1.083536268862558,
JABARDO_2009,Fig10a_Br_Ra1p8SPI,SFC-042,JABARDO_Br_Ra1p8SPI,R-134a,5.2298,0.0,60847.14,1.8,,jabardo_br,False,1.083536268862558,
JABARDO_2009,Fig10a_Br_Ra1p8SPI,SFC-042,JABARDO_Br_Ra1p8SPI,R-134a,5.3232,0.0,68080.17,1.8,,jabardo_br,False,1.083536268862558,
JABARDO_2009,Fig10a_Br_Ra3p5SPI,SFC-043,JABARDO_Br_Ra3p5SPI,R-134a,0.9027,0.0,1936.66,3.5,,jabardo_br,False,0.8965099173937983,"WARN: delta_T=0.90 out of [2,30] K range"
JABARDO_2009,Fig10a_Br_Ra3p5SPI,SFC-043,JABARDO_Br_Ra3p5SPI,R-134a,1.382,0.0,3816.05,3.5,,jabardo_br,False,0.8965099173937983,"WARN: delta_T=1.38 out of [2,30] K range"
JABARDO_2009,Fig10a_Br_Ra3p5SPI,SFC-043,JABARDO_Br_Ra3p5SPI,R-134a,1.7542,0.0,5852.68,3.5,,jabardo_br,False,0.8965099173937983,"WARN: delta_T=1.75 out of [2,30] K range"
JABARDO_2009,Fig10a_Br_Ra3p5SPI,SFC-043,JABARDO_Br_Ra3p5SPI,R-134a,2.0715,0.0,8092.22,3.5,,jabardo_br,True,0.8965099173937983,"ONB_auto (hint=[2.0,8.0]K)"
JABARDO_2009,Fig10a_Br_Ra3p5SPI,SFC-043,JABARDO_Br_Ra3p5SPI,R-134a,2.7439,0.0,14880.17,3.5,,jabardo_br,False,0.8965099173937983,
JABARDO_2009,Fig10a_Br_Ra3p5SPI,SFC-043,JABARDO_Br_Ra3p5SPI,R-134a,3.3047,0.0,22920.56,3.5,,jabardo_br,False,0.8965099173937983,
JABARDO_2009,Fig10a_Br_Ra3p5SPI,SFC-043,JABARDO_Br_Ra3p5SPI,R-134a,3.6834,0.0,30482.64,3.5,,jabardo_br,False,0.8965099173937983,
JABARDO_2009,Fig10a_Br_Ra3p5SPI,SFC-043,JABARDO_Br_Ra3p5SPI,R-134a,3.8967,0.0,37995.95,3.5,,jabardo_br,False,0.8965099173937983,
JABARDO_2009,Fig10a_Br_Ra3p5SPI,SFC-043,JABARDO_Br_Ra3p5SPI,R-134a,4.0827,0.0,45163.15,3.5,,jabardo_br,False,0.8965099173937983,
JABARDO_2009,Fig10a_Br_Ra3p5SPI,SFC-043,JABARDO_Br_Ra3p5SPI,R-134a,4.2676,0.0,53220.48,3.5,,jabardo_br,False,0.8965099173937983,
JABARDO_2009,Fig10a_Br_Ra3p5SPI,SFC-043,JABARDO_Br_Ra3p5SPI,R-134a,4.3815,0.0,60063.64,3.5,,jabardo_br,False,0.8965099173937983,
JABARDO_2009,Fig10a_Br_Ra3p5SPI,SFC-043,JABARDO_Br_Ra3p5SPI,R-134a,4.4509,0.0,67494.49,3.5,,jabardo_br,False,0.8965099173937983,
JABARDO_2009,Fig10b_Br_Ra0p08P,SFC-039,JABARDO_Br_Ra0p08P,R-134a,2.4686,0.0,1534.06,0.08,,jabardo_br,False,1.8474359494728219,
JABARDO_2009,Fig10b_Br_Ra0p08P,SFC-039,JABARDO_Br_Ra0p08P,R-134a,2.7715,0.0,3210.32,0.08,,jabardo_br,False,1.8474359494728219,
JABARDO_2009,Fig10b_Br_Ra0p08P,SFC-039,JABARDO_Br_Ra0p08P,R-134a,3.0119,0.0,4329.01,0.08,,jabardo_br,False,1.8474359494728219,
JABARDO_2009,Fig10b_Br_Ra0p08P,SFC-039,JABARDO_Br_Ra0p08P,R-134a,3.198,0.0,5888.79,0.08,,jabardo_br,False,1.8474359494728219,
JABARDO_2009,Fig10b_Br_Ra0p08P,SFC-039,JABARDO_Br_Ra0p08P,R-134a,3.3283,0.0,7368.64,0.08,,jabardo_br,True,1.8474359494728219,ONB_manual (was idx=None)
JABARDO_2009,Fig10b_Br_Ra0p08P,SFC-039,JABARDO_Br_Ra0p08P,R-134a,3.7447,0.0,11387.19,0.08,,jabardo_br,False,1.8474359494728219,
JABARDO_2009,Fig10b_Br_Ra0p08P,SFC-039,JABARDO_Br_Ra0p08P,R-134a,3.9822,0.0,15220.25,0.08,,jabardo_br,False,1.8474359494728219,
JABARDO_2009,Fig10b_Br_Ra0p08P,SFC-039,JABARDO_Br_Ra0p08P,R-134a,4.1046,0.0,17365.96,0.08,,jabardo_br,False,1.8474359494728219,
JABARDO_2009,Fig10b_Br_Ra0p08P,SFC-039,JABARDO_Br_Ra0p08P,R-134a,4.3741,0.0,21826.7,0.08,,jabardo_br,False,1.8474359494728219,
JABARDO_2009,Fig10b_Br_Ra0p08P,SFC-039,JABARDO_Br_Ra0p08P,R-134a,4.5176,0.0,24794.67,0.08,,jabardo_br,False,1.8474359494728219,
JABARDO_2009,Fig10b_Br_Ra0p08P,SFC-039,JABARDO_Br_Ra0p08P,R-134a,4.7485,0.0,30351.9,0.08,,jabardo_br,False,1.8474359494728219,
JABARDO_2009,Fig10b_Br_Ra0p08P,SFC-039,JABARDO_Br_Ra0p08P,R-134a,5.0232,0.0,37155.13,0.08,,jabardo_br,False,1.8474359494728219,
JABARDO_2009,Fig10b_Br_Ra0p08P,SFC-039,JABARDO_Br_Ra0p08P,R-134a,5.2414,0.0,44298.59,0.08,,jabardo_br,False,1.8474359494728219,
JABARDO_2009,Fig10b_Br_Ra0p08P,SFC-039,JABARDO_Br_Ra0p08P,R-134a,5.5125,0.0,51896.01,0.08,,jabardo_br,False,1.8474359494728219,
JABARDO_2009,Fig10b_Br_Ra0p08P,SFC-039,JABARDO_Br_Ra0p08P,R-134a,5.6629,0.0,57166.43,0.08,,jabardo_br,False,1.8474359494728219,
JABARDO_2009,Fig10b_Br_Ra0p08P,SFC-039,JABARDO_Br_Ra0p08P,R-134a,5.8799,0.0,66969.11,0.08,,jabardo_br,False,1.8474359494728219,
JABARDO_2009,Fig10b_Br_Ra0p08P,SFC-039,JABARDO_Br_Ra0p08P,R-134a,6.0403,0.0,73770.3,0.08,,jabardo_br,False,1.8474359494728219,
JABARDO_2009,Fig10b_Br_Ra0p90SP,SFC-040,JABARDO_Br_Ra0p90SP,R-134a,1.5216,0.0,1779.62,0.9,,jabardo_br,False,1.3189558919988644,"WARN: delta_T=1.52 out of [2,30] K range"
JABARDO_2009,Fig10b_Br_Ra0p90SP,SFC-040,JABARDO_Br_Ra0p90SP,R-134a,1.7091,0.0,3773.63,0.9,,jabardo_br,False,1.3189558919988644,"WARN: delta_T=1.71 out of [2,30] K range"
JABARDO_2009,Fig10b_Br_Ra0p90SP,SFC-040,JABARDO_Br_Ra0p90SP,R-134a,1.9126,0.0,5654.9,0.9,,jabardo_br,False,1.3189558919988644,"WARN: delta_T=1.91 out of [2,30] K range"
JABARDO_2009,Fig10b_Br_Ra0p90SP,SFC-040,JABARDO_Br_Ra0p90SP,R-134a,2.052,0.0,7625.25,0.9,,jabardo_br,True,1.3189558919988644,ONB_manual (was idx=None)
JABARDO_2009,Fig10b_Br_Ra0p90SP,SFC-040,JABARDO_Br_Ra0p90SP,R-134a,2.4168,0.0,15407.53,0.9,,jabardo_br,False,1.3189558919988644,
JABARDO_2009,Fig10b_Br_Ra0p90SP,SFC-040,JABARDO_Br_Ra0p90SP,R-134a,2.7154,0.0,22886.81,0.9,,jabardo_br,False,1.3189558919988644,
JABARDO_2009,Fig10b_Br_Ra0p90SP,SFC-040,JABARDO_Br_Ra0p90SP,R-134a,2.9306,0.0,30457.51,0.9,,jabardo_br,False,1.3189558919988644,
JABARDO_2009,Fig10b_Br_Ra0p90SP,SFC-040,JABARDO_Br_Ra0p90SP,R-134a,3.1325,0.0,36958.9,0.9,,jabardo_br,False,1.3189558919988644,
JABARDO_2009,Fig10b_Br_Ra0p90SP,SFC-040,JABARDO_Br_Ra0p90SP,R-134a,3.3285,0.0,45442.68,0.9,,jabardo_br,False,1.3189558919988644,
JABARDO_2009,Fig10b_Br_Ra0p90SP,SFC-040,JABARDO_Br_Ra0p90SP,R-134a,3.5285,0.0,52309.56,0.9,,jabardo_br,False,1.3189558919988644,
JABARDO_2009,Fig10b_Br_Ra0p90SP,SFC-040,JABARDO_Br_Ra0p90SP,R-134a,3.6442,0.0,59422.55,0.9,,jabardo_br,False,1.3189558919988644,
JABARDO_2009,Fig10b_Br_Ra0p90SP,SFC-040,JABARDO_Br_Ra0p90SP,R-134a,3.8292,0.0,67802.27,0.9,,jabardo_br,False,1.3189558919988644,
JABARDO_2009,Fig10b_Br_Ra1p2SPI,SFC-041,JABARDO_Br_Ra1p2SPI,R-134a,1.3544,0.0,1834.8,1.2,,jabardo_br,False,1.7197221446395043,"WARN: delta_T=1.35 out of [2,30] K range"
JABARDO_2009,Fig10b_Br_Ra1p2SPI,SFC-041,JABARDO_Br_Ra1p2SPI,R-134a,1.542,0.0,3516.73,1.2,,jabardo_br,False,1.7197221446395043,"WARN: delta_T=1.54 out of [2,30] K range"
JABARDO_2009,Fig10b_Br_Ra1p2SPI,SFC-041,JABARDO_Br_Ra1p2SPI,R-134a,1.7307,0.0,5387.03,1.2,,jabardo_br,True,1.7197221446395043,"WARN: delta_T=1.73 out of [2,30] K range; ONB_manual (was idx=None)"
JABARDO_2009,Fig10b_Br_Ra1p2SPI,SFC-041,JABARDO_Br_Ra1p2SPI,R-134a,1.9141,0.0,7827.92,1.2,,jabardo_br,False,1.7197221446395043,"WARN: delta_T=1.91 out of [2,30] K range"
JABARDO_2009,Fig10b_Br_Ra1p2SPI,SFC-041,JABARDO_Br_Ra1p2SPI,R-134a,2.2971,0.0,15610.48,1.2,,jabardo_br,False,1.7197221446395043,
JABARDO_2009,Fig10b_Br_Ra1p2SPI,SFC-041,JABARDO_Br_Ra1p2SPI,R-134a,2.5785,0.0,22584.85,1.2,,jabardo_br,False,1.7197221446395043,
JABARDO_2009,Fig10b_Br_Ra1p2SPI,SFC-041,JABARDO_Br_Ra1p2SPI,R-134a,2.8313,0.0,30189.02,1.2,,jabardo_br,False,1.7197221446395043,
JABARDO_2009,Fig10b_Br_Ra1p2SPI,SFC-041,JABARDO_Br_Ra1p2SPI,R-134a,3.0232,0.0,37777.35,1.2,,jabardo_br,False,1.7197221446395043,
JABARDO_2009,Fig10b_Br_Ra1p2SPI,SFC-041,JABARDO_Br_Ra1p2SPI,R-134a,3.2157,0.0,45042.1,1.2,,jabardo_br,False,1.7197221446395043,
JABARDO_2009,Fig10b_Br_Ra1p2SPI,SFC-041,JABARDO_Br_Ra1p2SPI,R-134a,3.3903,0.0,53233.07,1.2,,jabardo_br,False,1.7197221446395043,
JABARDO_2009,Fig10b_Br_Ra1p2SPI,SFC-041,JABARDO_Br_Ra1p2SPI,R-134a,3.524,0.0,60472.38,1.2,,jabardo_br,False,1.7197221446395043,
JABARDO_2009,Fig10b_Br_Ra1p2SPI,SFC-041,JABARDO_Br_Ra1p2SPI,R-134a,3.6685,0.0,67499.46,1.2,,jabardo_br,False,1.7197221446395043,
JABARDO_2009,Fig10b_Br_Ra1p8SPI,SFC-042,JABARDO_Br_Ra1p8SPI,R-134a,0.9421,0.0,1958.46,1.8,,jabardo_br,False,1.083536268862558,"WARN: delta_T=0.94 out of [2,30] K range"
JABARDO_2009,Fig10b_Br_Ra1p8SPI,SFC-042,JABARDO_Br_Ra1p8SPI,R-134a,1.1268,0.0,3770.63,1.8,,jabardo_br,False,1.083536268862558,"WARN: delta_T=1.13 out of [2,30] K range"
JABARDO_2009,Fig10b_Br_Ra1p8SPI,SFC-042,JABARDO_Br_Ra1p8SPI,R-134a,1.2353,0.0,5431.09,1.8,,jabardo_br,True,1.083536268862558,"WARN: delta_T=1.24 out of [2,30] K range; ONB_manual (was idx=None)"
JABARDO_2009,Fig10b_Br_Ra1p8SPI,SFC-042,JABARDO_Br_Ra1p8SPI,R-134a,1.4438,0.0,7823.71,1.8,,jabardo_br,False,1.083536268862558,"WARN: delta_T=1.44 out of [2,30] K range"
JABARDO_2009,Fig10b_Br_Ra1p8SPI,SFC-042,JABARDO_Br_Ra1p8SPI,R-134a,1.8069,0.0,15264.24,1.8,,jabardo_br,False,1.083536268862558,"WARN: delta_T=1.81 out of [2,30] K range"
JABARDO_2009,Fig10b_Br_Ra1p8SPI,SFC-042,JABARDO_Br_Ra1p8SPI,R-134a,2.1004,0.0,22576.01,1.8,,jabardo_br,False,1.083536268862558,
JABARDO_2009,Fig10b_Br_Ra1p8SPI,SFC-042,JABARDO_Br_Ra1p8SPI,R-134a,2.3662,0.0,30178.68,1.8,,jabardo_br,False,1.083536268862558,
JABARDO_2009,Fig10b_Br_Ra1p8SPI,SFC-042,JABARDO_Br_Ra1p8SPI,R-134a,2.5416,0.0,37270.27,1.8,,jabardo_br,False,1.083536268862558,
JABARDO_2009,Fig10b_Br_Ra1p8SPI,SFC-042,JABARDO_Br_Ra1p8SPI,R-134a,2.6915,0.0,44242.28,1.8,,jabardo_br,False,1.083536268862558,
JABARDO_2009,Fig10b_Br_Ra1p8SPI,SFC-042,JABARDO_Br_Ra1p8SPI,R-134a,2.8928,0.0,52289.73,1.8,,jabardo_br,False,1.083536268862558,
JABARDO_2009,Fig10b_Br_Ra1p8SPI,SFC-042,JABARDO_Br_Ra1p8SPI,R-134a,3.0276,0.0,60189.79,1.8,,jabardo_br,False,1.083536268862558,
JABARDO_2009,Fig10b_Br_Ra1p8SPI,SFC-042,JABARDO_Br_Ra1p8SPI,R-134a,3.1301,0.0,66303.3,1.8,,jabardo_br,False,1.083536268862558,
JABARDO_2009,Fig10b_Br_Ra3p5SPI,SFC-043,JABARDO_Br_Ra3p5SPI,R-134a,0.7446,0.0,2063.57,3.5,,jabardo_br,False,0.8965099173937983,"WARN: delta_T=0.74 out of [2,30] K range"
JABARDO_2009,Fig10b_Br_Ra3p5SPI,SFC-043,JABARDO_Br_Ra3p5SPI,R-134a,0.9102,0.0,3785.69,3.5,,jabardo_br,False,0.8965099173937983,"WARN: delta_T=0.91 out of [2,30] K range"
JABARDO_2009,Fig10b_Br_Ra3p5SPI,SFC-043,JABARDO_Br_Ra3p5SPI,R-134a,1.0664,0.0,5825.04,3.5,,jabardo_br,False,0.8965099173937983,"WARN: delta_T=1.07 out of [2,30] K range"
JABARDO_2009,Fig10b_Br_Ra3p5SPI,SFC-043,JABARDO_Br_Ra3p5SPI,R-134a,1.1842,0.0,7924.54,3.5,,jabardo_br,True,0.8965099173937983,"WARN: delta_T=1.18 out of [2,30] K range; ONB_manual (was idx=None)"
JABARDO_2009,Fig10b_Br_Ra3p5SPI,SFC-043,JABARDO_Br_Ra3p5SPI,R-134a,1.5214,0.0,14797.01,3.5,,jabardo_br,False,0.8965099173937983,"WARN: delta_T=1.52 out of [2,30] K range"
JABARDO_2009,Fig10b_Br_Ra3p5SPI,SFC-043,JABARDO_Br_Ra3p5SPI,R-134a,1.8001,0.0,22273.8,3.5,,jabardo_br,False,0.8965099173937983,"WARN: delta_T=1.80 out of [2,30] K range"
JABARDO_2009,Fig10b_Br_Ra3p5SPI,SFC-043,JABARDO_Br_Ra3p5SPI,R-134a,2.0169,0.0,30569.83,3.5,,jabardo_br,False,0.8965099173937983,
JABARDO_2009,Fig10b_Br_Ra3p5SPI,SFC-043,JABARDO_Br_Ra3p5SPI,R-134a,2.1727,0.0,38592.22,3.5,,jabardo_br,False,0.8965099173937983,
JABARDO_2009,Fig10b_Br_Ra3p5SPI,SFC-043,JABARDO_Br_Ra3p5SPI,R-134a,2.3295,0.0,45212.63,3.5,,jabardo_br,False,0.8965099173937983,
JABARDO_2009,Fig10b_Br_Ra3p5SPI,SFC-043,JABARDO_Br_Ra3p5SPI,R-134a,2.4732,0.0,51138.09,3.5,,jabardo_br,False,0.8965099173937983,
JABARDO_2009,Fig10b_Br_Ra3p5SPI,SFC-043,JABARDO_Br_Ra3p5SPI,R-134a,2.6609,0.0,58609.15,3.5,,jabardo_br,False,0.8965099173937983,
JABARDO_2009,Fig10b_Br_Ra3p5SPI,SFC-043,JABARDO_Br_Ra3p5SPI,R-134a,2.8058,0.0,65421.32,3.5,,jabardo_br,False,0.8965099173937983,
JABARDO_2009,Fig10c_SS_Ra0p03P,SFC-044,JABARDO_SS_Ra0p03P,R-134a,5.2644,0.0,2114.61,0.03,,jabardo_ss,False,1.9744468571379419,
JABARDO_2009,Fig10c_SS_Ra0p03P,SFC-044,JABARDO_SS_Ra0p03P,R-134a,6.55,0.0,4033.78,0.03,,jabardo_ss,True,1.9744468571379419,"ONB_auto (hint=[6.0,20.0]K)"
JABARDO_2009,Fig10c_SS_Ra0p03P,SFC-044,JABARDO_SS_Ra0p03P,R-134a,7.0676,0.0,6025.84,0.03,,jabardo_ss,False,1.9744468571379419,
JABARDO_2009,Fig10c_SS_Ra0p03P,SFC-044,JABARDO_SS_Ra0p03P,R-134a,7.9536,0.0,8808.21,0.03,,jabardo_ss,False,1.9744468571379419,
JABARDO_2009,Fig10c_SS_Ra0p03P,SFC-044,JABARDO_SS_Ra0p03P,R-134a,9.7409,0.0,16225.78,0.03,,jabardo_ss,False,1.9744468571379419,
JABARDO_2009,Fig10c_SS_Ra0p03P,SFC-044,JABARDO_SS_Ra0p03P,R-134a,11.8916,0.0,24138.94,0.03,,jabardo_ss,False,1.9744468571379419,
JABARDO_2009,Fig10c_SS_Ra0p03P,SFC-044,JABARDO_SS_Ra0p03P,R-134a,13.8503,0.0,32765.7,0.03,,jabardo_ss,False,1.9744468571379419,
JABARDO_2009,Fig10c_SS_Ra0p03P,SFC-044,JABARDO_SS_Ra0p03P,R-134a,15.0178,0.0,38846.3,0.03,,jabardo_ss,False,1.9744468571379419,
JABARDO_2009,Fig10c_SS_Ra0p03P,SFC-044,JABARDO_SS_Ra0p03P,R-134a,16.2775,0.0,49383.58,0.03,,jabardo_ss,False,1.9744468571379419,
JABARDO_2009,Fig10c_SS_Ra0p03P,SFC-044,JABARDO_SS_Ra0p03P,R-134a,17.6439,0.0,57787.07,0.03,,jabardo_ss,False,1.9744468571379419,
JABARDO_2009,Fig10c_SS_Ra0p07SP,SFC-045,JABARDO_SS_Ra0p07SP,R-134a,4.5519,0.0,1599.18,0.07,,jabardo_ss,False,2.043984223910898,
JABARDO_2009,Fig10c_SS_Ra0p07SP,SFC-045,JABARDO_SS_Ra0p07SP,R-134a,5.4483,0.0,3270.79,0.07,,jabardo_ss,True,2.043984223910898,"ONB_auto (hint=[5.0,18.0]K)"
JABARDO_2009,Fig10c_SS_Ra0p07SP,SFC-045,JABARDO_SS_Ra0p07SP,R-134a,5.9844,0.0,5037.66,0.07,,jabardo_ss,False,2.043984223910898,
JABARDO_2009,Fig10c_SS_Ra0p07SP,SFC-045,JABARDO_SS_Ra0p07SP,R-134a,6.6094,0.0,6867.21,0.07,,jabardo_ss,False,2.043984223910898,
JABARDO_2009,Fig10c_SS_Ra0p07SP,SFC-045,JABARDO_SS_Ra0p07SP,R-134a,7.2342,0.0,8430.82,0.07,,jabardo_ss,False,2.043984223910898,
JABARDO_2009,Fig10c_SS_Ra0p07SP,SFC-045,JABARDO_SS_Ra0p07SP,R-134a,7.695,0.0,9995.04,0.07,,jabardo_ss,False,2.043984223910898,
JABARDO_2009,Fig10c_SS_Ra0p07SP,SFC-045,JABARDO_SS_Ra0p07SP,R-134a,8.684,0.0,12651.93,0.07,,jabardo_ss,False,2.043984223910898,
JABARDO_2009,Fig10c_SS_Ra0p07SP,SFC-045,JABARDO_SS_Ra0p07SP,R-134a,9.9827,0.0,16949.83,0.07,,jabardo_ss,False,2.043984223910898,
JABARDO_2009,Fig10c_SS_Ra0p07SP,SFC-045,JABARDO_SS_Ra0p07SP,R-134a,10.7735,0.0,19747.67,0.07,,jabardo_ss,False,2.043984223910898,
JABARDO_2009,Fig10c_SS_Ra0p07SP,SFC-045,JABARDO_SS_Ra0p07SP,R-134a,12.2689,0.0,25548.49,0.07,,jabardo_ss,False,2.043984223910898,
JABARDO_2009,Fig10c_SS_Ra0p07SP,SFC-045,JABARDO_SS_Ra0p07SP,R-134a,12.9336,0.0,27278.32,0.07,,jabardo_ss,False,2.043984223910898,
JABARDO_2009,Fig10c_SS_Ra0p07SP,SFC-045,JABARDO_SS_Ra0p07SP,R-134a,14.4688,0.0,34229.04,0.07,,jabardo_ss,False,2.043984223910898,
JABARDO_2009,Fig10c_SS_Ra0p07SP,SFC-045,JABARDO_SS_Ra0p07SP,R-134a,16.3561,0.0,42578.72,0.07,,jabardo_ss,False,2.043984223910898,
JABARDO_2009,Fig10c_SS_Ra0p07SP,SFC-045,JABARDO_SS_Ra0p07SP,R-134a,18.0417,0.0,50702.67,0.07,,jabardo_ss,False,2.043984223910898,
JABARDO_2009,Fig10c_SS_Ra0p07SP,SFC-045,JABARDO_SS_Ra0p07SP,R-134a,19.901,0.0,60376.66,0.07,,jabardo_ss,False,2.043984223910898,
JABARDO_2009,Fig10c_SS_Ra0p45SP,SFC-046,JABARDO_SS_Ra0p45SP,R-134a,3.6944,0.0,2067.61,0.45,,jabardo_ss,False,1.6681423765963128,
JABARDO_2009,Fig10c_SS_Ra0p45SP,SFC-046,JABARDO_SS_Ra0p45SP,R-134a,4.7613,0.0,4495.71,0.45,,jabardo_ss,True,1.6681423765963128,"ONB_auto (hint=[4.0,14.0]K)"
JABARDO_2009,Fig10c_SS_Ra0p45SP,SFC-046,JABARDO_SS_Ra0p45SP,R-134a,5.3387,0.0,6182.31,0.45,,jabardo_ss,False,1.6681423765963128,
JABARDO_2009,Fig10c_SS_Ra0p45SP,SFC-046,JABARDO_SS_Ra0p45SP,R-134a,6.0489,0.0,8427.97,0.45,,jabardo_ss,False,1.6681423765963128,
JABARDO_2009,Fig10c_SS_Ra0p45SP,SFC-046,JABARDO_SS_Ra0p45SP,R-134a,8.5259,0.0,16871.03,0.45,,jabardo_ss,False,1.6681423765963128,
JABARDO_2009,Fig10c_SS_Ra0p45SP,SFC-046,JABARDO_SS_Ra0p45SP,R-134a,10.5636,0.0,24990.35,0.45,,jabardo_ss,False,1.6681423765963128,
JABARDO_2009,Fig10c_SS_Ra0p45SP,SFC-046,JABARDO_SS_Ra0p45SP,R-134a,12.3244,0.0,33334.9,0.45,,jabardo_ss,False,1.6681423765963128,
JABARDO_2009,Fig10c_SS_Ra0p45SP,SFC-046,JABARDO_SS_Ra0p45SP,R-134a,14.0827,0.0,41648.54,0.45,,jabardo_ss,False,1.6681423765963128,
JABARDO_2009,Fig10c_SS_Ra0p45SP,SFC-046,JABARDO_SS_Ra0p45SP,R-134a,15.3417,0.0,50246.94,0.45,,jabardo_ss,False,1.6681423765963128,
JABARDO_2009,Fig10c_SS_Ra0p45SP,SFC-046,JABARDO_SS_Ra0p45SP,R-134a,16.6632,0.0,58541.72,0.45,,jabardo_ss,False,1.6681423765963128,
JABARDO_2009,Fig10c_SS_Ra0p90SPI,SFC-047,JABARDO_SS_Ra0p90SPI,R-134a,4.1697,0.0,2217.54,0.9,,jabardo_ss,True,1.977789574419115,"ONB_auto (hint=[3.0,12.0]K)"
JABARDO_2009,Fig10c_SS_Ra0p90SPI,SFC-047,JABARDO_SS_Ra0p90SPI,R-134a,4.9211,0.0,4304.14,0.9,,jabardo_ss,False,1.977789574419115,
JABARDO_2009,Fig10c_SS_Ra0p90SPI,SFC-047,JABARDO_SS_Ra0p90SPI,R-134a,5.5211,0.0,6600.66,0.9,,jabardo_ss,False,1.977789574419115,
JABARDO_2009,Fig10c_SS_Ra0p90SPI,SFC-047,JABARDO_SS_Ra0p90SPI,R-134a,5.9678,0.0,8919.35,0.9,,jabardo_ss,False,1.977789574419115,
JABARDO_2009,Fig10c_SS_Ra0p90SPI,SFC-047,JABARDO_SS_Ra0p90SPI,R-134a,8.0358,0.0,17165.98,0.9,,jabardo_ss,False,1.977789574419115,
JABARDO_2009,Fig10c_SS_Ra0p90SPI,SFC-047,JABARDO_SS_Ra0p90SPI,R-134a,9.8234,0.0,24769.93,0.9,,jabardo_ss,False,1.977789574419115,
JABARDO_2009,Fig10c_SS_Ra0p90SPI,SFC-047,JABARDO_SS_Ra0p90SPI,R-134a,11.3879,0.0,33040.48,0.9,,jabardo_ss,False,1.977789574419115,
JABARDO_2009,Fig10c_SS_Ra0p90SPI,SFC-047,JABARDO_SS_Ra0p90SPI,R-134a,12.96,0.0,41641.99,0.9,,jabardo_ss,False,1.977789574419115,
JABARDO_2009,Fig10c_SS_Ra0p90SPI,SFC-047,JABARDO_SS_Ra0p90SPI,R-134a,13.9067,0.0,49801.33,0.9,,jabardo_ss,False,1.977789574419115,
JABARDO_2009,Fig10c_SS_Ra0p90SPI,SFC-047,JABARDO_SS_Ra0p90SPI,R-134a,14.9177,0.0,58785.25,0.9,,jabardo_ss,False,1.977789574419115,
JABARDO_2009,Fig10c_SS_Ra1p45SPI,SFC-048,JABARDO_SS_Ra1p45SPI,R-134a,2.9598,0.0,2235.51,1.45,,jabardo_ss,False,1.5132723410460733,
JABARDO_2009,Fig10c_SS_Ra1p45SPI,SFC-048,JABARDO_SS_Ra1p45SPI,R-134a,3.598,0.0,4301.59,1.45,,jabardo_ss,True,1.5132723410460733,"ONB_auto (hint=[3.0,12.0]K)"
JABARDO_2009,Fig10c_SS_Ra1p45SPI,SFC-048,JABARDO_SS_Ra1p45SPI,R-134a,4.0903,0.0,6152.3,1.45,,jabardo_ss,False,1.5132723410460733,
JABARDO_2009,Fig10c_SS_Ra1p45SPI,SFC-048,JABARDO_SS_Ra1p45SPI,R-134a,4.7463,0.0,8535.03,1.45,,jabardo_ss,False,1.5132723410460733,
JABARDO_2009,Fig10c_SS_Ra1p45SPI,SFC-048,JABARDO_SS_Ra1p45SPI,R-134a,7.062,0.0,17693.75,1.45,,jabardo_ss,False,1.5132723410460733,
JABARDO_2009,Fig10c_SS_Ra1p45SPI,SFC-048,JABARDO_SS_Ra1p45SPI,R-134a,8.7178,0.0,24656.57,1.45,,jabardo_ss,False,1.5132723410460733,
JABARDO_2009,Fig10c_SS_Ra1p45SPI,SFC-048,JABARDO_SS_Ra1p45SPI,R-134a,10.3679,0.0,32890.86,1.45,,jabardo_ss,False,1.5132723410460733,
JABARDO_2009,Fig10c_SS_Ra1p45SPI,SFC-048,JABARDO_SS_Ra1p45SPI,R-134a,11.6494,0.0,41452.41,1.45,,jabardo_ss,False,1.5132723410460733,
JABARDO_2009,Fig10c_SS_Ra1p45SPI,SFC-048,JABARDO_SS_Ra1p45SPI,R-134a,12.7166,0.0,49792.89,1.45,,jabardo_ss,False,1.5132723410460733,
JABARDO_2009,Fig10c_SS_Ra1p45SPI,SFC-048,JABARDO_SS_Ra1p45SPI,R-134a,13.9613,0.0,58267.45,1.45,,jabardo_ss,False,1.5132723410460733,
JABARDO_2009,Fig10c_SS_Ra2p50SPI,SFC-049,JABARDO_SS_Ra2p50SPI,R-134a,1.9353,0.0,2343.48,2.5,,jabardo_ss,False,1.36924069316165,"WARN: delta_T=1.94 out of [2,30] K range"
JABARDO_2009,Fig10c_SS_Ra2p50SPI,SFC-049,JABARDO_SS_Ra2p50SPI,R-134a,2.572,0.0,4451.48,2.5,,jabardo_ss,True,1.36924069316165,"ONB_auto (hint=[2.0,10.0]K)"
JABARDO_2009,Fig10c_SS_Ra2p50SPI,SFC-049,JABARDO_SS_Ra2p50SPI,R-134a,3.2321,0.0,6395.72,2.5,,jabardo_ss,False,1.36924069316165,
JABARDO_2009,Fig10c_SS_Ra2p50SPI,SFC-049,JABARDO_SS_Ra2p50SPI,R-134a,3.8554,0.0,8834.58,2.5,,jabardo_ss,False,1.36924069316165,
JABARDO_2009,Fig10c_SS_Ra2p50SPI,SFC-049,JABARDO_SS_Ra2p50SPI,R-134a,6.0927,0.0,17231.97,2.5,,jabardo_ss,False,1.36924069316165,
JABARDO_2009,Fig10c_SS_Ra2p50SPI,SFC-049,JABARDO_SS_Ra2p50SPI,R-134a,8.0796,0.0,25306.59,2.5,,jabardo_ss,False,1.36924069316165,
JABARDO_2009,Fig10c_SS_Ra2p50SPI,SFC-049,JABARDO_SS_Ra2p50SPI,R-134a,9.7884,0.0,32887.27,2.5,,jabardo_ss,False,1.36924069316165,
JABARDO_2009,Fig10c_SS_Ra2p50SPI,SFC-049,JABARDO_SS_Ra2p50SPI,R-134a,11.1587,0.0,40732.27,2.5,,jabardo_ss,False,1.36924069316165,
JABARDO_2009,Fig10c_SS_Ra2p50SPI,SFC-049,JABARDO_SS_Ra2p50SPI,R-134a,12.4499,0.0,50008.51,2.5,,jabardo_ss,False,1.36924069316165,
JABARDO_2009,Fig10c_SS_Ra2p50SPI,SFC-049,JABARDO_SS_Ra2p50SPI,R-134a,13.7284,0.0,58776.0,2.5,,jabardo_ss,False,1.36924069316165,
JABARDO_2009,Fig10c_SS_Ra3p20SPI,SFC-050,JABARDO_SS_Ra3p20SPI,R-134a,1.6223,0.0,2002.32,3.2,,jabardo_ss,False,1.3988439534152062,"WARN: delta_T=1.62 out of [2,30] K range"
JABARDO_2009,Fig10c_SS_Ra3p20SPI,SFC-050,JABARDO_SS_Ra3p20SPI,R-134a,2.5929,0.0,4374.57,3.2,,jabardo_ss,True,1.3988439534152062,"ONB_auto (hint=[2.0,10.0]K)"
JABARDO_2009,Fig10c_SS_Ra3p20SPI,SFC-050,JABARDO_SS_Ra3p20SPI,R-134a,3.1485,0.0,6230.23,3.2,,jabardo_ss,False,1.3988439534152062,
JABARDO_2009,Fig10c_SS_Ra3p20SPI,SFC-050,JABARDO_SS_Ra3p20SPI,R-134a,3.917,0.0,8421.03,3.2,,jabardo_ss,False,1.3988439534152062,
JABARDO_2009,Fig10c_SS_Ra3p20SPI,SFC-050,JABARDO_SS_Ra3p20SPI,R-134a,6.2273,0.0,17612.56,3.2,,jabardo_ss,False,1.3988439534152062,
JABARDO_2009,Fig10c_SS_Ra3p20SPI,SFC-050,JABARDO_SS_Ra3p20SPI,R-134a,8.3588,0.0,25198.09,3.2,,jabardo_ss,False,1.3988439534152062,
JABARDO_2009,Fig10c_SS_Ra3p20SPI,SFC-050,JABARDO_SS_Ra3p20SPI,R-134a,10.0248,0.0,33467.5,3.2,,jabardo_ss,False,1.3988439534152062,
JABARDO_2009,Fig10c_SS_Ra3p20SPI,SFC-050,JABARDO_SS_Ra3p20SPI,R-134a,11.3784,0.0,41270.19,3.2,,jabardo_ss,False,1.3988439534152062,
JABARDO_2009,Fig10c_SS_Ra3p20SPI,SFC-050,JABARDO_SS_Ra3p20SPI,R-134a,13.4914,0.0,53164.91,3.2,,jabardo_ss,False,1.3988439534152062,
JABARDO_2009,Fig10c_SS_Ra3p20SPI,SFC-050,JABARDO_SS_Ra3p20SPI,R-134a,14.2223,0.0,56764.6,3.2,,jabardo_ss,False,1.3988439534152062,
JABARDO_2009,Fig10d_SS_Ra0p03P,SFC-044,JABARDO_SS_Ra0p03P,R-134a,2.1396,0.0,1734.13,0.03,,jabardo_ss,False,1.9744468571379419,
JABARDO_2009,Fig10d_SS_Ra0p03P,SFC-044,JABARDO_SS_Ra0p03P,R-134a,2.9764,0.0,4133.13,0.03,,jabardo_ss,False,1.9744468571379419,
JABARDO_2009,Fig10d_SS_Ra0p03P,SFC-044,JABARDO_SS_Ra0p03P,R-134a,3.5447,0.0,6158.89,0.03,,jabardo_ss,False,1.9744468571379419,
JABARDO_2009,Fig10d_SS_Ra0p03P,SFC-044,JABARDO_SS_Ra0p03P,R-134a,4.123,0.0,8625.46,0.03,,jabardo_ss,True,1.9744468571379419,ONB_manual (was idx=None)
JABARDO_2009,Fig10d_SS_Ra0p03P,SFC-044,JABARDO_SS_Ra0p03P,R-134a,5.9543,0.0,17146.13,0.03,,jabardo_ss,False,1.9744468571379419,
JABARDO_2009,Fig10d_SS_Ra0p03P,SFC-044,JABARDO_SS_Ra0p03P,R-134a,7.4557,0.0,24230.03,0.03,,jabardo_ss,False,1.9744468571379419,
JABARDO_2009,Fig10d_SS_Ra0p03P,SFC-044,JABARDO_SS_Ra0p03P,R-134a,9.067,0.0,33047.05,0.03,,jabardo_ss,False,1.9744468571379419,
JABARDO_2009,Fig10d_SS_Ra0p03P,SFC-044,JABARDO_SS_Ra0p03P,R-134a,10.4428,0.0,41615.08,0.03,,jabardo_ss,False,1.9744468571379419,
JABARDO_2009,Fig10d_SS_Ra0p03P,SFC-044,JABARDO_SS_Ra0p03P,R-134a,11.5725,0.0,49469.38,0.03,,jabardo_ss,False,1.9744468571379419,
JABARDO_2009,Fig10d_SS_Ra0p03P,SFC-044,JABARDO_SS_Ra0p03P,R-134a,12.8503,0.0,58546.49,0.03,,jabardo_ss,False,1.9744468571379419,
JABARDO_2009,Fig10d_SS_Ra0p07SP,SFC-045,JABARDO_SS_Ra0p07SP,R-134a,2.2063,0.0,1644.48,0.07,,jabardo_ss,False,2.043984223910898,
JABARDO_2009,Fig10d_SS_Ra0p07SP,SFC-045,JABARDO_SS_Ra0p07SP,R-134a,2.7652,0.0,3356.09,0.07,,jabardo_ss,False,2.043984223910898,
JABARDO_2009,Fig10d_SS_Ra0p07SP,SFC-045,JABARDO_SS_Ra0p07SP,R-134a,3.179,0.0,4891.15,0.07,,jabardo_ss,False,2.043984223910898,
JABARDO_2009,Fig10d_SS_Ra0p07SP,SFC-045,JABARDO_SS_Ra0p07SP,R-134a,3.7277,0.0,6729.86,0.07,,jabardo_ss,True,2.043984223910898,ONB_manual (was idx=None)
JABARDO_2009,Fig10d_SS_Ra0p07SP,SFC-045,JABARDO_SS_Ra0p07SP,R-134a,4.2004,0.0,8399.61,0.07,,jabardo_ss,False,2.043984223910898,
JABARDO_2009,Fig10d_SS_Ra0p07SP,SFC-045,JABARDO_SS_Ra0p07SP,R-134a,4.5837,0.0,9896.6,0.07,,jabardo_ss,False,2.043984223910898,
JABARDO_2009,Fig10d_SS_Ra0p07SP,SFC-045,JABARDO_SS_Ra0p07SP,R-134a,5.1858,0.0,12243.25,0.07,,jabardo_ss,False,2.043984223910898,
JABARDO_2009,Fig10d_SS_Ra0p07SP,SFC-045,JABARDO_SS_Ra0p07SP,R-134a,6.2406,0.0,16846.63,0.07,,jabardo_ss,False,2.043984223910898,
JABARDO_2009,Fig10d_SS_Ra0p07SP,SFC-045,JABARDO_SS_Ra0p07SP,R-134a,7.2342,0.0,21214.68,0.07,,jabardo_ss,False,2.043984223910898,
JABARDO_2009,Fig10d_SS_Ra0p07SP,SFC-045,JABARDO_SS_Ra0p07SP,R-134a,8.0134,0.0,24885.86,0.07,,jabardo_ss,False,2.043984223910898,
JABARDO_2009,Fig10d_SS_Ra0p07SP,SFC-045,JABARDO_SS_Ra0p07SP,R-134a,8.7548,0.0,28426.2,0.07,,jabardo_ss,False,2.043984223910898,
JABARDO_2009,Fig10d_SS_Ra0p07SP,SFC-045,JABARDO_SS_Ra0p07SP,R-134a,9.7805,0.0,33198.55,0.07,,jabardo_ss,False,2.043984223910898,
JABARDO_2009,Fig10d_SS_Ra0p07SP,SFC-045,JABARDO_SS_Ra0p07SP,R-134a,11.0924,0.0,41436.02,0.07,,jabardo_ss,False,2.043984223910898,
JABARDO_2009,Fig10d_SS_Ra0p07SP,SFC-045,JABARDO_SS_Ra0p07SP,R-134a,12.4078,0.0,50360.15,0.07,,jabardo_ss,False,2.043984223910898,
JABARDO_2009,Fig10d_SS_Ra0p07SP,SFC-045,JABARDO_SS_Ra0p07SP,R-134a,13.7778,0.0,59600.71,0.07,,jabardo_ss,False,2.043984223910898,
JABARDO_2009,Fig10d_SS_Ra0p45SP,SFC-046,JABARDO_SS_Ra0p45SP,R-134a,1.7736,0.0,1636.53,0.45,,jabardo_ss,False,1.6681423765963128,"WARN: delta_T=1.77 out of [2,30] K range"
JABARDO_2009,Fig10d_SS_Ra0p45SP,SFC-046,JABARDO_SS_Ra0p45SP,R-134a,2.3983,0.0,3865.92,0.45,,jabardo_ss,False,1.6681423765963128,
JABARDO_2009,Fig10d_SS_Ra0p45SP,SFC-046,JABARDO_SS_Ra0p45SP,R-134a,2.9855,0.0,6378.86,0.45,,jabardo_ss,False,1.6681423765963128,
JABARDO_2009,Fig10d_SS_Ra0p45SP,SFC-046,JABARDO_SS_Ra0p45SP,R-134a,3.5798,0.0,8973.71,0.45,,jabardo_ss,True,1.6681423765963128,ONB_manual (was idx=None)
JABARDO_2009,Fig10d_SS_Ra0p45SP,SFC-046,JABARDO_SS_Ra0p45SP,R-134a,5.2516,0.0,16990.85,0.45,,jabardo_ss,False,1.6681423765963128,
JABARDO_2009,Fig10d_SS_Ra0p45SP,SFC-046,JABARDO_SS_Ra0p45SP,R-134a,6.8315,0.0,25099.53,0.45,,jabardo_ss,False,1.6681423765963128,
JABARDO_2009,Fig10d_SS_Ra0p45SP,SFC-046,JABARDO_SS_Ra0p45SP,R-134a,8.2806,0.0,33041.29,0.45,,jabardo_ss,False,1.6681423765963128,
JABARDO_2009,Fig10d_SS_Ra0p45SP,SFC-046,JABARDO_SS_Ra0p45SP,R-134a,9.7088,0.0,42352.8,0.45,,jabardo_ss,False,1.6681423765963128,
JABARDO_2009,Fig10d_SS_Ra0p45SP,SFC-046,JABARDO_SS_Ra0p45SP,R-134a,10.7981,0.0,49244.25,0.45,,jabardo_ss,False,1.6681423765963128,
JABARDO_2009,Fig10d_SS_Ra0p45SP,SFC-046,JABARDO_SS_Ra0p45SP,R-134a,12.0146,0.0,58022.79,0.45,,jabardo_ss,False,1.6681423765963128,
JABARDO_2009,Fig10d_SS_Ra0p90SPI,SFC-047,JABARDO_SS_Ra0p90SPI,R-134a,1.7422,0.0,2106.32,0.9,,jabardo_ss,False,1.977789574419115,"WARN: delta_T=1.74 out of [2,30] K range"
JABARDO_2009,Fig10d_SS_Ra0p90SPI,SFC-047,JABARDO_SS_Ra0p90SPI,R-134a,2.2354,0.0,4260.9,0.9,,jabardo_ss,False,1.977789574419115,
JABARDO_2009,Fig10d_SS_Ra0p90SPI,SFC-047,JABARDO_SS_Ra0p90SPI,R-134a,2.6098,0.0,6265.26,0.9,,jabardo_ss,False,1.977789574419115,
JABARDO_2009,Fig10d_SS_Ra0p90SPI,SFC-047,JABARDO_SS_Ra0p90SPI,R-134a,3.0664,0.0,8582.46,0.9,,jabardo_ss,True,1.977789574419115,"ONB_auto (hint=[3.0,12.0]K)"
JABARDO_2009,Fig10d_SS_Ra0p90SPI,SFC-047,JABARDO_SS_Ra0p90SPI,R-134a,4.6245,0.0,17137.8,0.9,,jabardo_ss,False,1.977789574419115,
JABARDO_2009,Fig10d_SS_Ra0p90SPI,SFC-047,JABARDO_SS_Ra0p90SPI,R-134a,5.9572,0.0,24435.02,0.9,,jabardo_ss,False,1.977789574419115,
JABARDO_2009,Fig10d_SS_Ra0p90SPI,SFC-047,JABARDO_SS_Ra0p90SPI,R-134a,7.5809,0.0,33329.54,0.9,,jabardo_ss,False,1.977789574419115,
JABARDO_2009,Fig10d_SS_Ra0p90SPI,SFC-047,JABARDO_SS_Ra0p90SPI,R-134a,8.9424,0.0,42159.01,0.9,,jabardo_ss,False,1.977789574419115,
JABARDO_2009,Fig10d_SS_Ra0p90SPI,SFC-047,JABARDO_SS_Ra0p90SPI,R-134a,9.8176,0.0,49017.71,0.9,,jabardo_ss,False,1.977789574419115,
JABARDO_2009,Fig10d_SS_Ra0p90SPI,SFC-047,JABARDO_SS_Ra0p90SPI,R-134a,10.9818,0.0,59574.71,0.9,,jabardo_ss,False,1.977789574419115,
JABARDO_2009,Fig10d_SS_Ra1p45SPI,SFC-048,JABARDO_SS_Ra1p45SPI,R-134a,1.7161,0.0,1970.9,1.45,,jabardo_ss,False,1.5132723410460733,"WARN: delta_T=1.72 out of [2,30] K range"
JABARDO_2009,Fig10d_SS_Ra1p45SPI,SFC-048,JABARDO_SS_Ra1p45SPI,R-134a,2.1422,0.0,4058.0,1.45,,jabardo_ss,False,1.5132723410460733,
JABARDO_2009,Fig10d_SS_Ra1p45SPI,SFC-048,JABARDO_SS_Ra1p45SPI,R-134a,2.6045,0.0,6293.04,1.45,,jabardo_ss,False,1.5132723410460733,
JABARDO_2009,Fig10d_SS_Ra1p45SPI,SFC-048,JABARDO_SS_Ra1p45SPI,R-134a,3.0074,0.0,8582.14,1.45,,jabardo_ss,True,1.5132723410460733,"ONB_auto (hint=[3.0,12.0]K)"
JABARDO_2009,Fig10d_SS_Ra1p45SPI,SFC-048,JABARDO_SS_Ra1p45SPI,R-134a,4.6171,0.0,17444.0,1.45,,jabardo_ss,False,1.5132723410460733,
JABARDO_2009,Fig10d_SS_Ra1p45SPI,SFC-048,JABARDO_SS_Ra1p45SPI,R-134a,5.8332,0.0,24870.67,1.45,,jabardo_ss,False,1.5132723410460733,
JABARDO_2009,Fig10d_SS_Ra1p45SPI,SFC-048,JABARDO_SS_Ra1p45SPI,R-134a,7.3571,0.0,33624.09,1.45,,jabardo_ss,False,1.5132723410460733,
JABARDO_2009,Fig10d_SS_Ra1p45SPI,SFC-048,JABARDO_SS_Ra1p45SPI,R-134a,8.5422,0.0,41599.0,1.45,,jabardo_ss,False,1.5132723410460733,
JABARDO_2009,Fig10d_SS_Ra1p45SPI,SFC-048,JABARDO_SS_Ra1p45SPI,R-134a,9.5898,0.0,49451.51,1.45,,jabardo_ss,False,1.5132723410460733,
JABARDO_2009,Fig10d_SS_Ra1p45SPI,SFC-048,JABARDO_SS_Ra1p45SPI,R-134a,10.6917,0.0,58009.77,1.45,,jabardo_ss,False,1.5132723410460733,
JABARDO_2009,Fig10d_SS_Ra2p50SPI,SFC-049,JABARDO_SS_Ra2p50SPI,R-134a,1.3779,0.0,2023.12,2.5,,jabardo_ss,False,1.36924069316165,"WARN: delta_T=1.38 out of [2,30] K range"
JABARDO_2009,Fig10d_SS_Ra2p50SPI,SFC-049,JABARDO_SS_Ra2p50SPI,R-134a,1.8613,0.0,4038.98,2.5,,jabardo_ss,False,1.36924069316165,"WARN: delta_T=1.86 out of [2,30] K range"
JABARDO_2009,Fig10d_SS_Ra2p50SPI,SFC-049,JABARDO_SS_Ra2p50SPI,R-134a,2.2676,0.0,6235.89,2.5,,jabardo_ss,True,1.36924069316165,"ONB_auto (hint=[2.0,10.0]K)"
JABARDO_2009,Fig10d_SS_Ra2p50SPI,SFC-049,JABARDO_SS_Ra2p50SPI,R-134a,2.7233,0.0,8618.58,2.5,,jabardo_ss,False,1.36924069316165,
JABARDO_2009,Fig10d_SS_Ra2p50SPI,SFC-049,JABARDO_SS_Ra2p50SPI,R-134a,4.2577,0.0,16834.25,2.5,,jabardo_ss,False,1.36924069316165,
JABARDO_2009,Fig10d_SS_Ra2p50SPI,SFC-049,JABARDO_SS_Ra2p50SPI,R-134a,5.7931,0.0,24542.14,2.5,,jabardo_ss,False,1.36924069316165,
JABARDO_2009,Fig10d_SS_Ra2p50SPI,SFC-049,JABARDO_SS_Ra2p50SPI,R-134a,7.3689,0.0,33033.88,2.5,,jabardo_ss,False,1.36924069316165,
JABARDO_2009,Fig10d_SS_Ra2p50SPI,SFC-049,JABARDO_SS_Ra2p50SPI,R-134a,8.6115,0.0,40869.32,2.5,,jabardo_ss,False,1.36924069316165,
JABARDO_2009,Fig10d_SS_Ra2p50SPI,SFC-049,JABARDO_SS_Ra2p50SPI,R-134a,9.8898,0.0,50338.19,2.5,,jabardo_ss,False,1.36924069316165,
JABARDO_2009,Fig10d_SS_Ra2p50SPI,SFC-049,JABARDO_SS_Ra2p50SPI,R-134a,10.9725,0.0,58012.66,2.5,,jabardo_ss,False,1.36924069316165,
JABARDO_2009,Fig10d_SS_Ra3p20SPI,SFC-050,JABARDO_SS_Ra3p20SPI,R-134a,1.4402,0.0,2086.98,3.2,,jabardo_ss,False,1.3988439534152062,"WARN: delta_T=1.44 out of [2,30] K range"
JABARDO_2009,Fig10d_SS_Ra3p20SPI,SFC-050,JABARDO_SS_Ra3p20SPI,R-134a,1.881,0.0,4003.45,3.2,,jabardo_ss,False,1.3988439534152062,"WARN: delta_T=1.88 out of [2,30] K range"
JABARDO_2009,Fig10d_SS_Ra3p20SPI,SFC-050,JABARDO_SS_Ra3p20SPI,R-134a,2.2729,0.0,5861.07,3.2,,jabardo_ss,True,1.3988439534152062,"ONB_auto (hint=[2.0,10.0]K)"
JABARDO_2009,Fig10d_SS_Ra3p20SPI,SFC-050,JABARDO_SS_Ra3p20SPI,R-134a,2.8244,0.0,8543.19,3.2,,jabardo_ss,False,1.3988439534152062,
JABARDO_2009,Fig10d_SS_Ra3p20SPI,SFC-050,JABARDO_SS_Ra3p20SPI,R-134a,4.5134,0.0,16836.14,3.2,,jabardo_ss,False,1.3988439534152062,
JABARDO_2009,Fig10d_SS_Ra3p20SPI,SFC-050,JABARDO_SS_Ra3p20SPI,R-134a,6.1436,0.0,24873.15,3.2,,jabardo_ss,False,1.3988439534152062,
JABARDO_2009,Fig10d_SS_Ra3p20SPI,SFC-050,JABARDO_SS_Ra3p20SPI,R-134a,7.6611,0.0,33036.35,3.2,,jabardo_ss,False,1.3988439534152062,
JABARDO_2009,Fig10d_SS_Ra3p20SPI,SFC-050,JABARDO_SS_Ra3p20SPI,R-134a,9.0736,0.0,41420.01,3.2,,jabardo_ss,False,1.3988439534152062,
JABARDO_2009,Fig10d_SS_Ra3p20SPI,SFC-050,JABARDO_SS_Ra3p20SPI,R-134a,10.3653,0.0,49458.9,3.2,,jabardo_ss,False,1.3988439534152062,
JABARDO_2009,Fig10d_SS_Ra3p20SPI,SFC-050,JABARDO_SS_Ra3p20SPI,R-134a,11.5282,0.0,57506.63,3.2,,jabardo_ss,False,1.3988439534152062,
JABARDO_2009,Fig9a_Cu_Ra0p16SP,SFC-032,JABARDO_Cu_Ra0p16SP,R-123,8.084,0.0,1657.99,0.16,,jabardo,True,3.3332689497754826,ONB_manual (preserved)
JABARDO_2009,Fig9a_Cu_Ra0p16SP,SFC-032,JABARDO_Cu_Ra0p16SP,R-123,13.0682,0.0,3321.74,0.16,,jabardo,False,3.3332689497754826,
JABARDO_2009,Fig9a_Cu_Ra0p16SP,SFC-032,JABARDO_Cu_Ra0p16SP,R-123,15.7678,0.0,4880.73,0.16,,jabardo,False,3.3332689497754826,
JABARDO_2009,Fig9a_Cu_Ra0p16SP,SFC-032,JABARDO_Cu_Ra0p16SP,R-123,17.031,0.0,6712.95,0.16,,jabardo,False,3.3332689497754826,
JABARDO_2009,Fig9a_Cu_Ra0p16SP,SFC-032,JABARDO_Cu_Ra0p16SP,R-123,17.45,0.0,8325.68,0.16,,jabardo,False,3.3332689497754826,
JABARDO_2009,Fig9a_Cu_Ra0p16SP,SFC-032,JABARDO_Cu_Ra0p16SP,R-123,17.9156,0.0,9948.03,0.16,,jabardo,False,3.3332689497754826,
JABARDO_2009,Fig9a_Cu_Ra0p16SP,SFC-032,JABARDO_Cu_Ra0p16SP,R-123,18.222,0.0,12596.27,0.16,,jabardo,False,3.3332689497754826,
JABARDO_2009,Fig9a_Cu_Ra0p16SP,SFC-032,JABARDO_Cu_Ra0p16SP,R-123,18.7368,0.0,16215.58,0.16,,jabardo,False,3.3332689497754826,
JABARDO_2009,Fig9a_Cu_Ra0p16SP,SFC-032,JABARDO_Cu_Ra0p16SP,R-123,19.163,0.0,18978.43,0.16,,jabardo,False,3.3332689497754826,
JABARDO_2009,Fig9a_Cu_Ra0p16SP,SFC-032,JABARDO_Cu_Ra0p16SP,R-123,19.4621,0.0,24130.41,0.16,,jabardo,False,3.3332689497754826,
JABARDO_2009,Fig9a_Cu_Ra0p16SP,SFC-032,JABARDO_Cu_Ra0p16SP,R-123,19.5614,0.0,26984.96,0.16,,jabardo,False,3.3332689497754826,
JABARDO_2009,Fig9a_Cu_Ra0p16SP,SFC-032,JABARDO_Cu_Ra0p16SP,R-123,19.942,0.0,32377.51,0.16,,jabardo,False,3.3332689497754826,
JABARDO_2009,Fig9a_Cu_Ra0p16SP,SFC-032,JABARDO_Cu_Ra0p16SP,R-123,21.2077,0.0,48781.26,0.16,,jabardo,False,3.3332689497754826,
JABARDO_2009,Fig9a_Cu_Ra0p16SP,SFC-032,JABARDO_Cu_Ra0p16SP,R-123,22.0398,0.0,64911.8,0.16,,jabardo,False,3.3332689497754826,
JABARDO_2009,Fig9a_Cu_Ra0p16SP,SFC-032,JABARDO_Cu_Ra0p16SP,R-123,23.3182,0.0,80835.72,0.16,,jabardo,False,3.3332689497754826,
JABARDO_2009,Fig9a_Cu_Ra0p16SP,SFC-032,JABARDO_Cu_Ra0p16SP,R-123,24.8891,0.0,98193.96,0.16,,jabardo,False,3.3332689497754826,
JABARDO_2009,Fig9a_Cu_Ra0p16SP,SFC-032,JABARDO_Cu_Ra0p16SP,R-123,26.6982,0.0,113966.75,0.16,,jabardo,False,3.3332689497754826,
JABARDO_2009,Fig9a_Cu_Ra0p47SP,SFC-033,JABARDO_Cu_Ra0p47SP,R-123,7.0583,0.0,1665.28,0.47,,jabardo,True,2.9634890757919097,ONB_manual (preserved)
JABARDO_2009,Fig9a_Cu_Ra0p47SP,SFC-033,JABARDO_Cu_Ra0p47SP,R-123,11.0298,0.0,3135.58,0.47,,jabardo,False,2.9634890757919097,
JABARDO_2009,Fig9a_Cu_Ra0p47SP,SFC-033,JABARDO_Cu_Ra0p47SP,R-123,14.0953,0.0,4963.25,0.47,,jabardo,False,2.9634890757919097,
JABARDO_2009,Fig9a_Cu_Ra0p47SP,SFC-033,JABARDO_Cu_Ra0p47SP,R-123,14.8441,0.0,6883.55,0.47,,jabardo,False,2.9634890757919097,
JABARDO_2009,Fig9a_Cu_Ra0p47SP,SFC-033,JABARDO_Cu_Ra0p47SP,R-123,15.1774,0.0,8190.95,0.47,,jabardo,False,2.9634890757919097,
JABARDO_2009,Fig9a_Cu_Ra0p47SP,SFC-033,JABARDO_Cu_Ra0p47SP,R-123,15.2334,0.0,9950.94,0.47,,jabardo,False,2.9634890757919097,
JABARDO_2009,Fig9a_Cu_Ra0p47SP,SFC-033,JABARDO_Cu_Ra0p47SP,R-123,15.6355,0.0,12088.6,0.47,,jabardo,False,2.9634890757919097,
JABARDO_2009,Fig9a_Cu_Ra0p47SP,SFC-033,JABARDO_Cu_Ra0p47SP,R-123,15.791,0.0,15370.39,0.47,,jabardo,False,2.9634890757919097,
JABARDO_2009,Fig9a_Cu_Ra0p47SP,SFC-033,JABARDO_Cu_Ra0p47SP,R-123,16.2179,0.0,19542.52,0.47,,jabardo,False,2.9634890757919097,
JABARDO_2009,Fig9a_Cu_Ra0p47SP,SFC-033,JABARDO_Cu_Ra0p47SP,R-123,16.8979,0.0,24236.71,0.47,,jabardo,False,2.9634890757919097,
JABARDO_2009,Fig9a_Cu_Ra0p47SP,SFC-033,JABARDO_Cu_Ra0p47SP,R-123,17.1956,0.0,27442.06,0.47,,jabardo,False,2.9634890757919097,
JABARDO_2009,Fig9a_Cu_Ra0p47SP,SFC-033,JABARDO_Cu_Ra0p47SP,R-123,17.8006,0.0,33061.69,0.47,,jabardo,False,2.9634890757919097,
JABARDO_2009,Fig9a_Cu_Ra0p47SP,SFC-033,JABARDO_Cu_Ra0p47SP,R-123,18.5691,0.0,41515.75,0.47,,jabardo,False,2.9634890757919097,
JABARDO_2009,Fig9a_Cu_Ra0p47SP,SFC-033,JABARDO_Cu_Ra0p47SP,R-123,18.8248,0.0,49812.56,0.47,,jabardo,False,2.9634890757919097,
JABARDO_2009,Fig9a_Cu_Ra0p47SP,SFC-033,JABARDO_Cu_Ra0p47SP,R-123,19.6032,0.0,63858.82,0.47,,jabardo,False,2.9634890757919097,
JABARDO_2009,Fig9a_Cu_Ra0p47SP,SFC-033,JABARDO_Cu_Ra0p47SP,R-123,20.8084,0.0,83922.68,0.47,,jabardo,False,2.9634890757919097,
JABARDO_2009,Fig9a_Cu_Ra0p47SP,SFC-033,JABARDO_Cu_Ra0p47SP,R-123,21.6735,0.0,97812.48,0.47,,jabardo,False,2.9634890757919097,
JABARDO_2009,Fig9a_Cu_Ra0p47SP,SFC-033,JABARDO_Cu_Ra0p47SP,R-123,22.5148,0.0,113061.35,0.47,,jabardo,False,2.9634890757919097,
JABARDO_2009,Fig9a_Cu_Ra10p5SPI,SFC-038,JABARDO_Cu_Ra10p5SPI,R-123,4.2176,0.0,2016.61,10.5,,jabardo,True,1.9894709735862688,ONB_manual (preserved)
JABARDO_2009,Fig9a_Cu_Ra10p5SPI,SFC-038,JABARDO_Cu_Ra10p5SPI,R-123,5.76,0.0,4247.37,10.5,,jabardo,False,1.9894709735862688,
JABARDO_2009,Fig9a_Cu_Ra10p5SPI,SFC-038,JABARDO_Cu_Ra10p5SPI,R-123,6.7981,0.0,6138.5,10.5,,jabardo,False,1.9894709735862688,
JABARDO_2009,Fig9a_Cu_Ra10p5SPI,SFC-038,JABARDO_Cu_Ra10p5SPI,R-123,7.9735,0.0,8476.68,10.5,,jabardo,False,1.9894709735862688,
JABARDO_2009,Fig9a_Cu_Ra10p5SPI,SFC-038,JABARDO_Cu_Ra10p5SPI,R-123,11.4007,0.0,16707.46,10.5,,jabardo,False,1.9894709735862688,
JABARDO_2009,Fig9a_Cu_Ra10p5SPI,SFC-038,JABARDO_Cu_Ra10p5SPI,R-123,13.9436,0.0,25165.8,10.5,,jabardo,False,1.9894709735862688,
JABARDO_2009,Fig9a_Cu_Ra10p5SPI,SFC-038,JABARDO_Cu_Ra10p5SPI,R-123,16.3203,0.0,33341.87,10.5,,jabardo,False,1.9894709735862688,
JABARDO_2009,Fig9a_Cu_Ra10p5SPI,SFC-038,JABARDO_Cu_Ra10p5SPI,R-123,18.3356,0.0,41688.98,10.5,,jabardo,False,1.9894709735862688,
JABARDO_2009,Fig9a_Cu_Ra10p5SPI,SFC-038,JABARDO_Cu_Ra10p5SPI,R-123,20.1907,0.0,49395.46,10.5,,jabardo,False,1.9894709735862688,
JABARDO_2009,Fig9a_Cu_Ra10p5SPI,SFC-038,JABARDO_Cu_Ra10p5SPI,R-123,21.8438,0.0,56856.05,10.5,,jabardo,False,1.9894709735862688,
JABARDO_2009,Fig9a_Cu_Ra10p5SPI,SFC-038,JABARDO_Cu_Ra10p5SPI,R-123,23.3417,0.0,64636.86,10.5,,jabardo,False,1.9894709735862688,
JABARDO_2009,Fig9a_Cu_Ra10p5SPI,SFC-038,JABARDO_Cu_Ra10p5SPI,R-123,24.8032,0.0,73483.22,10.5,,jabardo,False,1.9894709735862688,
JABARDO_2009,Fig9a_Cu_Ra10p5SPI,SFC-038,JABARDO_Cu_Ra10p5SPI,R-123,26.96,0.0,82164.5,10.5,,jabardo,False,1.9894709735862688,
JABARDO_2009,Fig9a_Cu_Ra10p5SPI,SFC-038,JABARDO_Cu_Ra10p5SPI,R-123,28.9016,0.0,91115.85,10.5,,jabardo,False,1.9894709735862688,
JABARDO_2009,Fig9a_Cu_Ra3p3SPI,SFC-036,JABARDO_Cu_Ra3p3SPI,R-123,7.3272,0.0,1700.0,3.3,,jabardo,True,2.6724002664793254,ONB_manual (preserved)
JABARDO_2009,Fig9a_Cu_Ra3p3SPI,SFC-036,JABARDO_Cu_Ra3p3SPI,R-123,8.2072,0.0,4157.68,3.3,,jabardo,False,2.6724002664793254,
JABARDO_2009,Fig9a_Cu_Ra3p3SPI,SFC-036,JABARDO_Cu_Ra3p3SPI,R-123,8.6786,0.0,8064.49,3.3,,jabardo,False,2.6724002664793254,
JABARDO_2009,Fig9a_Cu_Ra3p3SPI,SFC-036,JABARDO_Cu_Ra3p3SPI,R-123,9.8266,0.0,12300.79,3.3,,jabardo,False,2.6724002664793254,
JABARDO_2009,Fig9a_Cu_Ra3p3SPI,SFC-036,JABARDO_Cu_Ra3p3SPI,R-123,10.3726,0.0,16165.75,3.3,,jabardo,False,2.6724002664793254,
JABARDO_2009,Fig9a_Cu_Ra3p3SPI,SFC-036,JABARDO_Cu_Ra3p3SPI,R-123,11.6174,0.0,24253.04,3.3,,jabardo,False,2.6724002664793254,
JABARDO_2009,Fig9a_Cu_Ra3p3SPI,SFC-036,JABARDO_Cu_Ra3p3SPI,R-123,12.238,0.0,33083.98,3.3,,jabardo,False,2.6724002664793254,
JABARDO_2009,Fig9a_Cu_Ra3p3SPI,SFC-036,JABARDO_Cu_Ra3p3SPI,R-123,13.3054,0.0,50676.22,3.3,,jabardo,False,2.6724002664793254,
JABARDO_2009,Fig9a_Cu_Ra3p3SPI,SFC-036,JABARDO_Cu_Ra3p3SPI,R-123,14.1146,0.0,63632.49,3.3,,jabardo,False,2.6724002664793254,
JABARDO_2009,Fig9a_Cu_Ra3p3SPI,SFC-036,JABARDO_Cu_Ra3p3SPI,R-123,14.8417,0.0,81912.83,3.3,,jabardo,False,2.6724002664793254,
JABARDO_2009,Fig9a_Cu_Ra3p3SPI,SFC-036,JABARDO_Cu_Ra3p3SPI,R-123,15.2601,0.0,97469.73,3.3,,jabardo,False,2.6724002664793254,
JABARDO_2009,Fig9a_Cu_Ra3p3SPI,SFC-036,JABARDO_Cu_Ra3p3SPI,R-123,15.9323,0.0,116459.31,3.3,,jabardo,False,2.6724002664793254,
JABARDO_2009,Fig9a_Cu_Ra4p6SPI,SFC-037,JABARDO_Cu_Ra4p6SPI,R-123,10.0348,0.0,4225.59,4.6,,jabardo,True,2.169878795596775,ONB_manual (preserved)
JABARDO_2009,Fig9a_Cu_Ra4p6SPI,SFC-037,JABARDO_Cu_Ra4p6SPI,R-123,10.0582,0.0,6033.4,4.6,,jabardo,False,2.169878795596775,
JABARDO_2009,Fig9a_Cu_Ra4p6SPI,SFC-037,JABARDO_Cu_Ra4p6SPI,R-123,10.9212,0.0,7798.46,4.6,,jabardo,False,2.169878795596775,
JABARDO_2009,Fig9a_Cu_Ra4p6SPI,SFC-037,JABARDO_Cu_Ra4p6SPI,R-123,13.0192,0.0,16772.79,4.6,,jabardo,False,2.169878795596775,
JABARDO_2009,Fig9a_Cu_Ra4p6SPI,SFC-037,JABARDO_Cu_Ra4p6SPI,R-123,15.0213,0.0,24646.76,4.6,,jabardo,False,2.169878795596775,
JABARDO_2009,Fig9a_Cu_Ra4p6SPI,SFC-037,JABARDO_Cu_Ra4p6SPI,R-123,16.1579,0.0,33759.3,4.6,,jabardo,False,2.169878795596775,
JABARDO_2009,Fig9a_Cu_Ra4p6SPI,SFC-037,JABARDO_Cu_Ra4p6SPI,R-123,16.5451,0.0,40005.16,4.6,,jabardo,False,2.169878795596775,
JABARDO_2009,Fig9a_Cu_Ra4p6SPI,SFC-037,JABARDO_Cu_Ra4p6SPI,R-123,17.0269,0.0,49003.04,4.6,,jabardo,False,2.169878795596775,
JABARDO_2009,Fig9a_Cu_Ra4p6SPI,SFC-037,JABARDO_Cu_Ra4p6SPI,R-123,17.5425,0.0,56176.19,4.6,,jabardo,False,2.169878795596775,
JABARDO_2009,Fig9a_Cu_Ra4p6SPI,SFC-037,JABARDO_Cu_Ra4p6SPI,R-123,17.9202,0.0,64935.96,4.6,,jabardo,False,2.169878795596775,
JABARDO_2009,Fig9a_Cu_Ra4p6SPI,SFC-037,JABARDO_Cu_Ra4p6SPI,R-123,18.2462,0.0,71127.82,4.6,,jabardo,False,2.169878795596775,
JABARDO_2009,Fig9a_Cu_Ra4p6SPI,SFC-037,JABARDO_Cu_Ra4p6SPI,R-123,18.7934,0.0,82901.66,4.6,,jabardo,False,2.169878795596775,
JABARDO_2009,Fig9a_Cu_Ra4p6SPI,SFC-037,JABARDO_Cu_Ra4p6SPI,R-123,18.9502,0.0,90432.91,4.6,,jabardo,False,2.169878795596775,
JABARDO_2009,Fig9a_Cu_Ra4p6SPI,SFC-037,JABARDO_Cu_Ra4p6SPI,R-123,19.131,0.0,99881.38,4.6,,jabardo,False,2.169878795596775,
JABARDO_2009,Fig9a_Cu_Ra4p6SPI,SFC-037,JABARDO_Cu_Ra4p6SPI,R-123,19.4042,0.0,107164.02,4.6,,jabardo,False,2.169878795596775,
JABARDO_2009,Fig9a_Cu_Ra4p6SPI,SFC-037,JABARDO_Cu_Ra4p6SPI,R-123,19.6059,0.0,112622.11,4.6,,jabardo,False,2.169878795596775,
JABARDO_2009,Fig9b_Cu_Ra0p16SP,SFC-032,JABARDO_Cu_Ra0p16SP,R-123,6.8606,0.0,4307.37,0.16,,jabardo,True,3.3332689497754826,"ONB_auto (hint=[5.0,15.0]K)"
JABARDO_2009,Fig9b_Cu_Ra0p16SP,SFC-032,JABARDO_Cu_Ra0p16SP,R-123,6.9957,0.0,5009.57,0.16,,jabardo,False,3.3332689497754826,
JABARDO_2009,Fig9b_Cu_Ra0p16SP,SFC-032,JABARDO_Cu_Ra0p16SP,R-123,7.429,0.0,6596.91,0.16,,jabardo,False,3.3332689497754826,
JABARDO_2009,Fig9b_Cu_Ra0p16SP,SFC-032,JABARDO_Cu_Ra0p16SP,R-123,7.9961,0.0,8648.01,0.16,,jabardo,False,3.3332689497754826,
JABARDO_2009,Fig9b_Cu_Ra0p16SP,SFC-032,JABARDO_Cu_Ra0p16SP,R-123,8.17,0.0,9492.98,0.16,,jabardo,False,3.3332689497754826,
JABARDO_2009,Fig9b_Cu_Ra0p16SP,SFC-032,JABARDO_Cu_Ra0p16SP,R-123,8.7533,0.0,12611.92,0.16,,jabardo,False,3.3332689497754826,
JABARDO_2009,Fig9b_Cu_Ra0p16SP,SFC-032,JABARDO_Cu_Ra0p16SP,R-123,9.2276,0.0,16388.84,0.16,,jabardo,False,3.3332689497754826,
JABARDO_2009,Fig9b_Cu_Ra0p16SP,SFC-032,JABARDO_Cu_Ra0p16SP,R-123,9.5221,0.0,19059.27,0.16,,jabardo,False,3.3332689497754826,
JABARDO_2009,Fig9b_Cu_Ra0p16SP,SFC-032,JABARDO_Cu_Ra0p16SP,R-123,9.9207,0.0,24332.16,0.16,,jabardo,False,3.3332689497754826,
JABARDO_2009,Fig9b_Cu_Ra0p16SP,SFC-032,JABARDO_Cu_Ra0p16SP,R-123,10.4095,0.0,27427.31,0.16,,jabardo,False,3.3332689497754826,
JABARDO_2009,Fig9b_Cu_Ra0p16SP,SFC-032,JABARDO_Cu_Ra0p16SP,R-123,11.0311,0.0,32753.48,0.16,,jabardo,False,3.3332689497754826,
JABARDO_2009,Fig9b_Cu_Ra0p16SP,SFC-032,JABARDO_Cu_Ra0p16SP,R-123,12.2521,0.0,49933.39,0.16,,jabardo,False,3.3332689497754826,
JABARDO_2009,Fig9b_Cu_Ra0p16SP,SFC-032,JABARDO_Cu_Ra0p16SP,R-123,13.0289,0.0,66637.56,0.16,,jabardo,False,3.3332689497754826,
JABARDO_2009,Fig9b_Cu_Ra0p16SP,SFC-032,JABARDO_Cu_Ra0p16SP,R-123,13.7393,0.0,83568.21,0.16,,jabardo,False,3.3332689497754826,
JABARDO_2009,Fig9b_Cu_Ra0p16SP,SFC-032,JABARDO_Cu_Ra0p16SP,R-123,15.0015,0.0,116575.61,0.16,,jabardo,False,3.3332689497754826,
JABARDO_2009,Fig9b_Cu_Ra0p47SP,SFC-033,JABARDO_Cu_Ra0p47SP,R-123,5.4046,0.0,5129.82,0.47,,jabardo,True,2.9634890757919097,"ONB_auto (hint=[3.0,12.0]K)"
JABARDO_2009,Fig9b_Cu_Ra0p47SP,SFC-033,JABARDO_Cu_Ra0p47SP,R-123,5.7482,0.0,6725.24,0.47,,jabardo,False,2.9634890757919097,
JABARDO_2009,Fig9b_Cu_Ra0p47SP,SFC-033,JABARDO_Cu_Ra0p47SP,R-123,6.0348,0.0,8396.73,0.47,,jabardo,False,2.9634890757919097,
JABARDO_2009,Fig9b_Cu_Ra0p47SP,SFC-033,JABARDO_Cu_Ra0p47SP,R-123,6.2991,0.0,10299.25,0.47,,jabardo,False,2.9634890757919097,
JABARDO_2009,Fig9b_Cu_Ra0p47SP,SFC-033,JABARDO_Cu_Ra0p47SP,R-123,6.498,0.0,12411.05,0.47,,jabardo,False,2.9634890757919097,
JABARDO_2009,Fig9b_Cu_Ra0p47SP,SFC-033,JABARDO_Cu_Ra0p47SP,R-123,7.0132,0.0,16709.38,0.47,,jabardo,False,2.9634890757919097,
JABARDO_2009,Fig9b_Cu_Ra0p47SP,SFC-033,JABARDO_Cu_Ra0p47SP,R-123,7.3789,0.0,19343.68,0.47,,jabardo,False,2.9634890757919097,
JABARDO_2009,Fig9b_Cu_Ra0p47SP,SFC-033,JABARDO_Cu_Ra0p47SP,R-123,7.9313,0.0,25022.26,0.47,,jabardo,False,2.9634890757919097,
JABARDO_2009,Fig9b_Cu_Ra0p47SP,SFC-033,JABARDO_Cu_Ra0p47SP,R-123,8.1397,0.0,27588.77,0.47,,jabardo,False,2.9634890757919097,
JABARDO_2009,Fig9b_Cu_Ra0p47SP,SFC-033,JABARDO_Cu_Ra0p47SP,R-123,8.5746,0.0,32947.43,0.47,,jabardo,False,2.9634890757919097,
JABARDO_2009,Fig9b_Cu_Ra0p47SP,SFC-033,JABARDO_Cu_Ra0p47SP,R-123,9.2179,0.0,41868.43,0.47,,jabardo,False,2.9634890757919097,
JABARDO_2009,Fig9b_Cu_Ra0p47SP,SFC-033,JABARDO_Cu_Ra0p47SP,R-123,9.7535,0.0,50222.14,0.47,,jabardo,False,2.9634890757919097,
JABARDO_2009,Fig9b_Cu_Ra0p47SP,SFC-033,JABARDO_Cu_Ra0p47SP,R-123,10.6059,0.0,67312.79,0.47,,jabardo,False,2.9634890757919097,
JABARDO_2009,Fig9b_Cu_Ra0p47SP,SFC-033,JABARDO_Cu_Ra0p47SP,R-123,11.1347,0.0,84042.76,0.47,,jabardo,False,2.9634890757919097,
JABARDO_2009,Fig9b_Cu_Ra0p47SP,SFC-033,JABARDO_Cu_Ra0p47SP,R-123,11.7475,0.0,99920.62,0.47,,jabardo,False,2.9634890757919097,
JABARDO_2009,Fig9b_Cu_Ra0p47SP,SFC-033,JABARDO_Cu_Ra0p47SP,R-123,12.4151,0.0,116185.83,0.47,,jabardo,False,2.9634890757919097,
JABARDO_2009,Fig9b_Cu_Ra10p5SPI,SFC-038,JABARDO_Cu_Ra10p5SPI,R-123,2.4078,0.0,2081.2,10.5,,jabardo,True,1.9894709735862688,"ONB_auto (hint=[2.0,8.0]K)"
JABARDO_2009,Fig9b_Cu_Ra10p5SPI,SFC-038,JABARDO_Cu_Ra10p5SPI,R-123,3.5241,0.0,4304.85,10.5,,jabardo,False,1.9894709735862688,
JABARDO_2009,Fig9b_Cu_Ra10p5SPI,SFC-038,JABARDO_Cu_Ra10p5SPI,R-123,4.2955,0.0,6163.54,10.5,,jabardo,False,1.9894709735862688,
JABARDO_2009,Fig9b_Cu_Ra10p5SPI,SFC-038,JABARDO_Cu_Ra10p5SPI,R-123,5.1754,0.0,8517.03,10.5,,jabardo,False,1.9894709735862688,
JABARDO_2009,Fig9b_Cu_Ra10p5SPI,SFC-038,JABARDO_Cu_Ra10p5SPI,R-123,7.9826,0.0,17072.11,10.5,,jabardo,False,1.9894709735862688,
JABARDO_2009,Fig9b_Cu_Ra10p5SPI,SFC-038,JABARDO_Cu_Ra10p5SPI,R-123,10.3418,0.0,24762.7,10.5,,jabardo,False,1.9894709735862688,
JABARDO_2009,Fig9b_Cu_Ra10p5SPI,SFC-038,JABARDO_Cu_Ra10p5SPI,R-123,12.5367,0.0,33613.88,10.5,,jabardo,False,1.9894709735862688,
JABARDO_2009,Fig9b_Cu_Ra10p5SPI,SFC-038,JABARDO_Cu_Ra10p5SPI,R-123,14.393,0.0,41946.56,10.5,,jabardo,False,1.9894709735862688,
JABARDO_2009,Fig9b_Cu_Ra10p5SPI,SFC-038,JABARDO_Cu_Ra10p5SPI,R-123,15.9732,0.0,50301.97,10.5,,jabardo,False,1.9894709735862688,
JABARDO_2009,Fig9b_Cu_Ra10p5SPI,SFC-038,JABARDO_Cu_Ra10p5SPI,R-123,17.2646,0.0,57707.86,10.5,,jabardo,False,1.9894709735862688,
JABARDO_2009,Fig9b_Cu_Ra10p5SPI,SFC-038,JABARDO_Cu_Ra10p5SPI,R-123,18.7689,0.0,67389.53,10.5,,jabardo,False,1.9894709735862688,
JABARDO_2009,Fig9b_Cu_Ra10p5SPI,SFC-038,JABARDO_Cu_Ra10p5SPI,R-123,20.1413,0.0,74945.74,10.5,,jabardo,False,1.9894709735862688,
JABARDO_2009,Fig9b_Cu_Ra10p5SPI,SFC-038,JABARDO_Cu_Ra10p5SPI,R-123,22.0983,0.0,85211.51,10.5,,jabardo,False,1.9894709735862688,
JABARDO_2009,Fig9b_Cu_Ra10p5SPI,SFC-038,JABARDO_Cu_Ra10p5SPI,R-123,23.6818,0.0,93511.44,10.5,,jabardo,False,1.9894709735862688,
JABARDO_2009,Fig9b_Cu_Ra10p5SPI,SFC-038,JABARDO_Cu_Ra10p5SPI,R-123,25.3787,0.0,102619.82,10.5,,jabardo,False,1.9894709735862688,
JABARDO_2009,Fig9b_Cu_Ra10p5SPI,SFC-038,JABARDO_Cu_Ra10p5SPI,R-123,27.4018,0.0,112111.04,10.5,,jabardo,False,1.9894709735862688,
JABARDO_2009,Fig9b_Cu_Ra10p5SPI,SFC-038,JABARDO_Cu_Ra10p5SPI,R-123,28.5557,0.0,118225.36,10.5,,jabardo,False,1.9894709735862688,
JABARDO_2009,Fig9b_Cu_Ra3p3SPI,SFC-036,JABARDO_Cu_Ra3p3SPI,R-123,4.1764,0.0,8377.33,3.3,,jabardo,True,2.6724002664793254,"ONB_auto (hint=[2.0,9.0]K)"
JABARDO_2009,Fig9b_Cu_Ra3p3SPI,SFC-036,JABARDO_Cu_Ra3p3SPI,R-123,4.7239,0.0,12323.94,3.3,,jabardo,False,2.6724002664793254,
JABARDO_2009,Fig9b_Cu_Ra3p3SPI,SFC-036,JABARDO_Cu_Ra3p3SPI,R-123,5.1376,0.0,16226.68,3.3,,jabardo,False,2.6724002664793254,
JABARDO_2009,Fig9b_Cu_Ra3p3SPI,SFC-036,JABARDO_Cu_Ra3p3SPI,R-123,5.8609,0.0,24954.96,3.3,,jabardo,False,2.6724002664793254,
JABARDO_2009,Fig9b_Cu_Ra3p3SPI,SFC-036,JABARDO_Cu_Ra3p3SPI,R-123,6.3439,0.0,33897.09,3.3,,jabardo,False,2.6724002664793254,
JABARDO_2009,Fig9b_Cu_Ra3p3SPI,SFC-036,JABARDO_Cu_Ra3p3SPI,R-123,7.099,0.0,51445.42,3.3,,jabardo,False,2.6724002664793254,
JABARDO_2009,Fig9b_Cu_Ra3p3SPI,SFC-036,JABARDO_Cu_Ra3p3SPI,R-123,7.6188,0.0,66844.95,3.3,,jabardo,False,2.6724002664793254,
JABARDO_2009,Fig9b_Cu_Ra3p3SPI,SFC-036,JABARDO_Cu_Ra3p3SPI,R-123,8.1805,0.0,82342.35,3.3,,jabardo,False,2.6724002664793254,
JABARDO_2009,Fig9b_Cu_Ra3p3SPI,SFC-036,JABARDO_Cu_Ra3p3SPI,R-123,8.6795,0.0,101439.69,3.3,,jabardo,False,2.6724002664793254,
JABARDO_2009,Fig9b_Cu_Ra3p3SPI,SFC-036,JABARDO_Cu_Ra3p3SPI,R-123,9.1042,0.0,118482.8,3.3,,jabardo,False,2.6724002664793254,
JABARDO_2009,Fig9b_Cu_Ra4p6SPI,SFC-037,JABARDO_Cu_Ra4p6SPI,R-123,2.6847,0.0,2070.66,4.6,,jabardo,True,2.169878795596775,"ONB_auto (hint=[2.0,9.0]K)"
JABARDO_2009,Fig9b_Cu_Ra4p6SPI,SFC-037,JABARDO_Cu_Ra4p6SPI,R-123,3.4622,0.0,4229.41,4.6,,jabardo,False,2.169878795596775,
JABARDO_2009,Fig9b_Cu_Ra4p6SPI,SFC-037,JABARDO_Cu_Ra4p6SPI,R-123,3.9328,0.0,6361.59,4.6,,jabardo,False,2.169878795596775,
JABARDO_2009,Fig9b_Cu_Ra4p6SPI,SFC-037,JABARDO_Cu_Ra4p6SPI,R-123,4.424,0.0,8872.73,4.6,,jabardo,False,2.169878795596775,
JABARDO_2009,Fig9b_Cu_Ra4p6SPI,SFC-037,JABARDO_Cu_Ra4p6SPI,R-123,5.5498,0.0,16806.58,4.6,,jabardo,False,2.169878795596775,
JABARDO_2009,Fig9b_Cu_Ra4p6SPI,SFC-037,JABARDO_Cu_Ra4p6SPI,R-123,6.3505,0.0,25617.58,4.6,,jabardo,False,2.169878795596775,
JABARDO_2009,Fig9b_Cu_Ra4p6SPI,SFC-037,JABARDO_Cu_Ra4p6SPI,R-123,6.9597,0.0,32987.27,4.6,,jabardo,False,2.169878795596775,
JABARDO_2009,Fig9b_Cu_Ra4p6SPI,SFC-037,JABARDO_Cu_Ra4p6SPI,R-123,7.4819,0.0,41919.06,4.6,,jabardo,False,2.169878795596775,
JABARDO_2009,Fig9b_Cu_Ra4p6SPI,SFC-037,JABARDO_Cu_Ra4p6SPI,R-123,7.9396,0.0,50731.04,4.6,,jabardo,False,2.169878795596775,
JABARDO_2009,Fig9b_Cu_Ra4p6SPI,SFC-037,JABARDO_Cu_Ra4p6SPI,R-123,8.2195,0.0,57443.47,4.6,,jabardo,False,2.169878795596775,
JABARDO_2009,Fig9b_Cu_Ra4p6SPI,SFC-037,JABARDO_Cu_Ra4p6SPI,R-123,8.5718,0.0,65914.45,4.6,,jabardo,False,2.169878795596775,
JABARDO_2009,Fig9b_Cu_Ra4p6SPI,SFC-037,JABARDO_Cu_Ra4p6SPI,R-123,8.9285,0.0,73317.92,4.6,,jabardo,False,2.169878795596775,
JABARDO_2009,Fig9b_Cu_Ra4p6SPI,SFC-037,JABARDO_Cu_Ra4p6SPI,R-123,9.297,0.0,84505.41,4.6,,jabardo,False,2.169878795596775,
JABARDO_2009,Fig9b_Cu_Ra4p6SPI,SFC-037,JABARDO_Cu_Ra4p6SPI,R-123,9.5137,0.0,92349.93,4.6,,jabardo,False,2.169878795596775,
JABARDO_2009,Fig9b_Cu_Ra4p6SPI,SFC-037,JABARDO_Cu_Ra4p6SPI,R-123,9.8086,0.0,100470.67,4.6,,jabardo,False,2.169878795596775,
JABARDO_2009,Fig9b_Cu_Ra4p6SPI,SFC-037,JABARDO_Cu_Ra4p6SPI,R-123,10.0664,0.0,110775.86,4.6,,jabardo,False,2.169878795596775,
JABARDO_2009,Fig9b_Cu_Ra4p6SPI,SFC-037,JABARDO_Cu_Ra4p6SPI,R-123,10.2415,0.0,118929.55,4.6,,jabardo,False,2.169878795596775,
JABARDO_2009,Fig9c_Cu_Ra0p07P,SFC-031,JABARDO_Cu_Ra0p07P,R-134a,4.0617,0.0,1613.93,0.07,,jabardo,False,1.6732411464901995,
JABARDO_2009,Fig9c_Cu_Ra0p07P,SFC-031,JABARDO_Cu_Ra0p07P,R-134a,5.8763,0.0,3110.51,0.07,,jabardo,False,1.6732411464901995,
JABARDO_2009,Fig9c_Cu_Ra0p07P,SFC-031,JABARDO_Cu_Ra0p07P,R-134a,6.6037,0.0,4699.41,0.07,,jabardo,False,1.6732411464901995,
JABARDO_2009,Fig9c_Cu_Ra0p07P,SFC-031,JABARDO_Cu_Ra0p07P,R-134a,7.1835,0.0,6483.78,0.07,,jabardo,False,1.6732411464901995,
JABARDO_2009,Fig9c_Cu_Ra0p07P,SFC-031,JABARDO_Cu_Ra0p07P,R-134a,7.6777,0.0,7710.75,0.07,,jabardo,False,1.6732411464901995,
JABARDO_2009,Fig9c_Cu_Ra0p07P,SFC-031,JABARDO_Cu_Ra0p07P,R-134a,8.3105,0.0,9795.79,0.07,,jabardo,True,1.6732411464901995,ONB_manual (preserved)
JABARDO_2009,Fig9c_Cu_Ra0p07P,SFC-031,JABARDO_Cu_Ra0p07P,R-134a,8.8457,0.0,11601.55,0.07,,jabardo,False,1.6732411464901995,
JABARDO_2009,Fig9c_Cu_Ra0p07P,SFC-031,JABARDO_Cu_Ra0p07P,R-134a,9.5947,0.0,16273.07,0.07,,jabardo,False,1.6732411464901995,
JABARDO_2009,Fig9c_Cu_Ra0p07P,SFC-031,JABARDO_Cu_Ra0p07P,R-134a,10.0313,0.0,19114.46,0.07,,jabardo,False,1.6732411464901995,
JABARDO_2009,Fig9c_Cu_Ra0p07P,SFC-031,JABARDO_Cu_Ra0p07P,R-134a,10.7458,0.0,24383.54,0.07,,jabardo,False,1.6732411464901995,
JABARDO_2009,Fig9c_Cu_Ra0p07P,SFC-031,JABARDO_Cu_Ra0p07P,R-134a,11.0159,0.0,27145.12,0.07,,jabardo,False,1.6732411464901995,
JABARDO_2009,Fig9c_Cu_Ra0p07P,SFC-031,JABARDO_Cu_Ra0p07P,R-134a,11.4616,0.0,31884.84,0.07,,jabardo,False,1.6732411464901995,
JABARDO_2009,Fig9c_Cu_Ra0p07P,SFC-031,JABARDO_Cu_Ra0p07P,R-134a,12.2363,0.0,40339.9,0.07,,jabardo,False,1.6732411464901995,
JABARDO_2009,Fig9c_Cu_Ra0p07P,SFC-031,JABARDO_Cu_Ra0p07P,R-134a,12.6857,0.0,48371.31,0.07,,jabardo,False,1.6732411464901995,
JABARDO_2009,Fig9c_Cu_Ra0p07P,SFC-031,JABARDO_Cu_Ra0p07P,R-134a,13.4821,0.0,64570.75,0.07,,jabardo,False,1.6732411464901995,
JABARDO_2009,Fig9c_Cu_Ra0p07P,SFC-031,JABARDO_Cu_Ra0p07P,R-134a,13.907,0.0,79695.48,0.07,,jabardo,False,1.6732411464901995,
JABARDO_2009,Fig9c_Cu_Ra0p07P,SFC-031,JABARDO_Cu_Ra0p07P,R-134a,14.5265,0.0,96752.7,0.07,,jabardo,False,1.6732411464901995,
JABARDO_2009,Fig9c_Cu_Ra0p07P,SFC-031,JABARDO_Cu_Ra0p07P,R-134a,15.0521,0.0,113178.37,0.07,,jabardo,False,1.6732411464901995,
JABARDO_2009,Fig9c_Cu_Ra0p5SP,SFC-034,JABARDO_Cu_Ra0p5SP,R-134a,2.8594,0.0,1594.08,0.5,,jabardo,False,1.701601396007121,
JABARDO_2009,Fig9c_Cu_Ra0p5SP,SFC-034,JABARDO_Cu_Ra0p5SP,R-134a,3.909,0.0,3406.11,0.5,,jabardo,True,1.701601396007121,ONB_manual (preserved)
JABARDO_2009,Fig9c_Cu_Ra0p5SP,SFC-034,JABARDO_Cu_Ra0p5SP,R-134a,4.3914,0.0,4877.22,0.5,,jabardo,False,1.701601396007121,
JABARDO_2009,Fig9c_Cu_Ra0p5SP,SFC-034,JABARDO_Cu_Ra0p5SP,R-134a,4.9496,0.0,6483.78,0.5,,jabardo,False,1.701601396007121,
JABARDO_2009,Fig9c_Cu_Ra0p5SP,SFC-034,JABARDO_Cu_Ra0p5SP,R-134a,5.3825,0.0,8478.43,0.5,,jabardo,False,1.701601396007121,
JABARDO_2009,Fig9c_Cu_Ra0p5SP,SFC-034,JABARDO_Cu_Ra0p5SP,R-134a,5.5703,0.0,9715.28,0.5,,jabardo,False,1.701601396007121,
JABARDO_2009,Fig9c_Cu_Ra0p5SP,SFC-034,JABARDO_Cu_Ra0p5SP,R-134a,6.0282,0.0,12704.06,0.5,,jabardo,False,1.701601396007121,
JABARDO_2009,Fig9c_Cu_Ra0p5SP,SFC-034,JABARDO_Cu_Ra0p5SP,R-134a,6.4344,0.0,16543.9,0.5,,jabardo,False,1.701601396007121,
JABARDO_2009,Fig9c_Cu_Ra0p5SP,SFC-034,JABARDO_Cu_Ra0p5SP,R-134a,6.7647,0.0,19352.56,0.5,,jabardo,False,1.701601396007121,
JABARDO_2009,Fig9c_Cu_Ra0p5SP,SFC-034,JABARDO_Cu_Ra0p5SP,R-134a,7.2078,0.0,24083.55,0.5,,jabardo,False,1.701601396007121,
JABARDO_2009,Fig9c_Cu_Ra0p5SP,SFC-034,JABARDO_Cu_Ra0p5SP,R-134a,7.869,0.0,32549.54,0.5,,jabardo,False,1.701601396007121,
JABARDO_2009,Fig9c_Cu_Ra0p5SP,SFC-034,JABARDO_Cu_Ra0p5SP,R-134a,8.2577,0.0,40674.2,0.5,,jabardo,False,1.701601396007121,
JABARDO_2009,Fig9c_Cu_Ra0p5SP,SFC-034,JABARDO_Cu_Ra0p5SP,R-134a,8.6504,0.0,48571.32,0.5,,jabardo,False,1.701601396007121,
JABARDO_2009,Fig9c_Cu_Ra0p5SP,SFC-034,JABARDO_Cu_Ra0p5SP,R-134a,9.3596,0.0,65375.07,0.5,,jabardo,False,1.701601396007121,
JABARDO_2009,Fig9c_Cu_Ra0p5SP,SFC-034,JABARDO_Cu_Ra0p5SP,R-134a,9.8028,0.0,80355.93,0.5,,jabardo,False,1.701601396007121,
JABARDO_2009,Fig9c_Cu_Ra0p5SP,SFC-034,JABARDO_Cu_Ra0p5SP,R-134a,10.1481,0.0,97152.77,0.5,,jabardo,False,1.701601396007121,
JABARDO_2009,Fig9c_Cu_Ra0p5SP,SFC-034,JABARDO_Cu_Ra0p5SP,R-134a,10.4926,0.0,115061.99,0.5,,jabardo,False,1.701601396007121,
JABARDO_2009,Fig9c_Cu_Ra10p5SPI,SFC-038,JABARDO_Cu_Ra10p5SPI,R-134a,1.5481,0.0,1927.29,10.5,,jabardo,False,1.9894709735862688,"WARN: delta_T=1.55 out of [2,30] K range"
JABARDO_2009,Fig9c_Cu_Ra10p5SPI,SFC-038,JABARDO_Cu_Ra10p5SPI,R-134a,2.6766,0.0,4169.38,10.5,,jabardo,True,1.9894709735862688,ONB_manual (preserved)
JABARDO_2009,Fig9c_Cu_Ra10p5SPI,SFC-038,JABARDO_Cu_Ra10p5SPI,R-134a,3.542,0.0,5994.84,10.5,,jabardo,False,1.9894709735862688,
JABARDO_2009,Fig9c_Cu_Ra10p5SPI,SFC-038,JABARDO_Cu_Ra10p5SPI,R-134a,4.5344,0.0,8584.04,10.5,,jabardo,False,1.9894709735862688,
JABARDO_2009,Fig9c_Cu_Ra10p5SPI,SFC-038,JABARDO_Cu_Ra10p5SPI,R-134a,7.5318,0.0,16749.98,10.5,,jabardo,False,1.9894709735862688,
JABARDO_2009,Fig9c_Cu_Ra10p5SPI,SFC-038,JABARDO_Cu_Ra10p5SPI,R-134a,10.0908,0.0,24383.54,10.5,,jabardo,False,1.9894709735862688,
JABARDO_2009,Fig9c_Cu_Ra10p5SPI,SFC-038,JABARDO_Cu_Ra10p5SPI,R-134a,12.7987,0.0,32954.99,10.5,,jabardo,False,1.9894709735862688,
JABARDO_2009,Fig9c_Cu_Ra10p5SPI,SFC-038,JABARDO_Cu_Ra10p5SPI,R-134a,14.5042,0.0,40173.78,10.5,,jabardo,False,1.9894709735862688,
JABARDO_2009,Fig9c_Cu_Ra10p5SPI,SFC-038,JABARDO_Cu_Ra10p5SPI,R-134a,16.0013,0.0,48371.31,10.5,,jabardo,False,1.9894709735862688,
JABARDO_2009,Fig9c_Cu_Ra10p5SPI,SFC-038,JABARDO_Cu_Ra10p5SPI,R-134a,17.7165,0.0,57052.2,10.5,,jabardo,False,1.9894709735862688,
JABARDO_2009,Fig9c_Cu_Ra10p5SPI,SFC-038,JABARDO_Cu_Ra10p5SPI,R-134a,19.3786,0.0,64570.75,10.5,,jabardo,False,1.9894709735862688,
JABARDO_2009,Fig9c_Cu_Ra10p5SPI,SFC-038,JABARDO_Cu_Ra10p5SPI,R-134a,20.8204,0.0,72479.48,10.5,,jabardo,False,1.9894709735862688,
JABARDO_2009,Fig9c_Cu_Ra10p5SPI,SFC-038,JABARDO_Cu_Ra10p5SPI,R-134a,22.7409,0.0,82710.9,10.5,,jabardo,False,1.9894709735862688,
JABARDO_2009,Fig9c_Cu_Ra10p5SPI,SFC-038,JABARDO_Cu_Ra10p5SPI,R-134a,24.3675,0.0,91699.21,10.5,,jabardo,False,1.9894709735862688,
JABARDO_2009,Fig9c_Cu_Ra10p5SPI,SFC-038,JABARDO_Cu_Ra10p5SPI,R-134a,25.795,0.0,97554.5,10.5,,jabardo,False,1.9894709735862688,
JABARDO_2009,Fig9c_Cu_Ra10p5SPI,SFC-038,JABARDO_Cu_Ra10p5SPI,R-134a,28.3722,0.0,109955.93,10.5,,jabardo,False,1.9894709735862688,
JABARDO_2009,Fig9c_Cu_Ra10p5SPI,SFC-038,JABARDO_Cu_Ra10p5SPI,R-134a,29.6442,0.0,116015.53,10.5,,jabardo,False,1.9894709735862688,
JABARDO_2009,Fig9c_Cu_Ra2p5SPI,SFC-035,JABARDO_Cu_Ra2p5SPI,R-134a,1.7184,0.0,1745.56,2.5,,jabardo,False,1.2890195745628534,"WARN: delta_T=1.72 out of [2,30] K range"
JABARDO_2009,Fig9c_Cu_Ra2p5SPI,SFC-035,JABARDO_Cu_Ra2p5SPI,R-134a,2.3951,0.0,4528.08,2.5,,jabardo,True,1.2890195745628534,ONB_manual (preserved)
JABARDO_2009,Fig9c_Cu_Ra2p5SPI,SFC-035,JABARDO_Cu_Ra2p5SPI,R-134a,2.8331,0.0,6729.1,2.5,,jabardo,False,1.2890195745628534,
JABARDO_2009,Fig9c_Cu_Ra2p5SPI,SFC-035,JABARDO_Cu_Ra2p5SPI,R-134a,3.1547,0.0,8584.04,2.5,,jabardo,False,1.2890195745628534,
JABARDO_2009,Fig9c_Cu_Ra2p5SPI,SFC-035,JABARDO_Cu_Ra2p5SPI,R-134a,3.6055,0.0,12444.63,2.5,,jabardo,False,1.2890195745628534,
JABARDO_2009,Fig9c_Cu_Ra2p5SPI,SFC-035,JABARDO_Cu_Ra2p5SPI,R-134a,4.0688,0.0,16888.79,2.5,,jabardo,False,1.2890195745628534,
JABARDO_2009,Fig9c_Cu_Ra2p5SPI,SFC-035,JABARDO_Cu_Ra2p5SPI,R-134a,4.6786,0.0,24994.79,2.5,,jabardo,False,1.2890195745628534,
JABARDO_2009,Fig9c_Cu_Ra2p5SPI,SFC-035,JABARDO_Cu_Ra2p5SPI,R-134a,5.0941,0.0,33365.49,2.5,,jabardo,False,1.2890195745628534,
JABARDO_2009,Fig9c_Cu_Ra2p5SPI,SFC-035,JABARDO_Cu_Ra2p5SPI,R-134a,5.6544,0.0,49788.91,2.5,,jabardo,False,1.2890195745628534,
JABARDO_2009,Fig9c_Cu_Ra2p5SPI,SFC-035,JABARDO_Cu_Ra2p5SPI,R-134a,6.0429,0.0,66189.41,2.5,,jabardo,False,1.2890195745628534,
JABARDO_2009,Fig9c_Cu_Ra2p5SPI,SFC-035,JABARDO_Cu_Ra2p5SPI,R-134a,6.5188,0.0,83396.33,2.5,,jabardo,False,1.2890195745628534,
JABARDO_2009,Fig9c_Cu_Ra2p5SPI,SFC-035,JABARDO_Cu_Ra2p5SPI,R-134a,6.8668,0.0,99178.1,2.5,,jabardo,False,1.2890195745628534,
JABARDO_2009,Fig9c_Cu_Ra2p5SPI,SFC-035,JABARDO_Cu_Ra2p5SPI,R-134a,7.1461,0.0,113178.37,2.5,,jabardo,False,1.2890195745628534,
JABARDO_2009,Fig9c_Cu_Ra4p6SPI,SFC-037,JABARDO_Cu_Ra4p6SPI,R-134a,3.2362,0.0,2127.93,4.6,,jabardo,True,2.169878795596775,ONB_manual (preserved)
JABARDO_2009,Fig9c_Cu_Ra4p6SPI,SFC-037,JABARDO_Cu_Ra4p6SPI,R-134a,4.1986,0.0,4399.15,4.6,,jabardo,False,2.169878795596775,
JABARDO_2009,Fig9c_Cu_Ra4p6SPI,SFC-037,JABARDO_Cu_Ra4p6SPI,R-134a,4.81,0.0,6119.82,4.6,,jabardo,False,2.169878795596775,
JABARDO_2009,Fig9c_Cu_Ra4p6SPI,SFC-037,JABARDO_Cu_Ra4p6SPI,R-134a,5.2522,0.0,8035.59,4.6,,jabardo,False,2.169878795596775,
JABARDO_2009,Fig9c_Cu_Ra4p6SPI,SFC-037,JABARDO_Cu_Ra4p6SPI,R-134a,6.7159,0.0,16612.31,4.6,,jabardo,False,2.169878795596775,
JABARDO_2009,Fig9c_Cu_Ra4p6SPI,SFC-037,JABARDO_Cu_Ra4p6SPI,R-134a,7.4148,0.0,24183.13,4.6,,jabardo,False,2.169878795596775,
JABARDO_2009,Fig9c_Cu_Ra4p6SPI,SFC-037,JABARDO_Cu_Ra4p6SPI,R-134a,8.0112,0.0,32819.28,4.6,,jabardo,False,2.169878795596775,
JABARDO_2009,Fig9c_Cu_Ra4p6SPI,SFC-037,JABARDO_Cu_Ra4p6SPI,R-134a,8.5773,0.0,40842.39,4.6,,jabardo,False,2.169878795596775,
JABARDO_2009,Fig9c_Cu_Ra4p6SPI,SFC-037,JABARDO_Cu_Ra4p6SPI,R-134a,8.8987,0.0,48772.17,4.6,,jabardo,False,2.169878795596775,
JABARDO_2009,Fig9c_Cu_Ra4p6SPI,SFC-037,JABARDO_Cu_Ra4p6SPI,R-134a,9.1828,0.0,56817.26,4.6,,jabardo,False,2.169878795596775,
JABARDO_2009,Fig9c_Cu_Ra4p6SPI,SFC-037,JABARDO_Cu_Ra4p6SPI,R-134a,9.57,0.0,64304.85,4.6,,jabardo,False,2.169878795596775,
JABARDO_2009,Fig9c_Cu_Ra4p6SPI,SFC-037,JABARDO_Cu_Ra4p6SPI,R-134a,9.7894,0.0,72479.48,4.6,,jabardo,False,2.169878795596775,
JABARDO_2009,Fig9c_Cu_Ra4p6SPI,SFC-037,JABARDO_Cu_Ra4p6SPI,R-134a,9.9943,0.0,80355.93,4.6,,jabardo,False,2.169878795596775,
JABARDO_2009,Fig9c_Cu_Ra4p6SPI,SFC-037,JABARDO_Cu_Ra4p6SPI,R-134a,10.3729,0.0,90571.02,4.6,,jabardo,False,2.169878795596775,
JABARDO_2009,Fig9c_Cu_Ra4p6SPI,SFC-037,JABARDO_Cu_Ra4p6SPI,R-134a,10.3966,0.0,97152.77,4.6,,jabardo,False,2.169878795596775,
JABARDO_2009,Fig9c_Cu_Ra4p6SPI,SFC-037,JABARDO_Cu_Ra4p6SPI,R-134a,10.6447,0.0,105947.23,4.6,,jabardo,False,2.169878795596775,
JABARDO_2009,Fig9c_Cu_Ra4p6SPI,SFC-037,JABARDO_Cu_Ra4p6SPI,R-134a,10.7495,0.0,115061.99,4.6,,jabardo,False,2.169878795596775,
JABARDO_2009,Fig9d_Cu_Ra0p07P,SFC-031,JABARDO_Cu_Ra0p07P,R-134a,2.705,0.0,1618.0,0.07,,jabardo,False,1.6732411464901995,
JABARDO_2009,Fig9d_Cu_Ra0p07P,SFC-031,JABARDO_Cu_Ra0p07P,R-134a,2.9408,0.0,3219.99,0.07,,jabardo,False,1.6732411464901995,
JABARDO_2009,Fig9d_Cu_Ra0p07P,SFC-031,JABARDO_Cu_Ra0p07P,R-134a,3.246,0.0,4712.8,0.07,,jabardo,False,1.6732411464901995,
JABARDO_2009,Fig9d_Cu_Ra0p07P,SFC-031,JABARDO_Cu_Ra0p07P,R-134a,3.49,0.0,6292.74,0.07,,jabardo,True,1.6732411464901995,ONB_manual (was idx=None)
JABARDO_2009,Fig9d_Cu_Ra0p07P,SFC-031,JABARDO_Cu_Ra0p07P,R-134a,3.7815,0.0,8174.39,0.07,,jabardo,False,1.6732411464901995,
JABARDO_2009,Fig9d_Cu_Ra0p07P,SFC-031,JABARDO_Cu_Ra0p07P,R-134a,4.0094,0.0,9732.02,0.07,,jabardo,False,1.6732411464901995,
JABARDO_2009,Fig9d_Cu_Ra0p07P,SFC-031,JABARDO_Cu_Ra0p07P,R-134a,4.346,0.0,11965.04,0.07,,jabardo,False,1.6732411464901995,
JABARDO_2009,Fig9d_Cu_Ra0p07P,SFC-031,JABARDO_Cu_Ra0p07P,R-134a,4.8363,0.0,16124.59,0.07,,jabardo,False,1.6732411464901995,
JABARDO_2009,Fig9d_Cu_Ra0p07P,SFC-031,JABARDO_Cu_Ra0p07P,R-134a,5.1278,0.0,19197.14,0.07,,jabardo,False,1.6732411464901995,
JABARDO_2009,Fig9d_Cu_Ra0p07P,SFC-031,JABARDO_Cu_Ra0p07P,R-134a,5.4772,0.0,23493.25,0.07,,jabardo,False,1.6732411464901995,
JABARDO_2009,Fig9d_Cu_Ra0p07P,SFC-031,JABARDO_Cu_Ra0p07P,R-134a,5.6724,0.0,26108.99,0.07,,jabardo,False,1.6732411464901995,
JABARDO_2009,Fig9d_Cu_Ra0p07P,SFC-031,JABARDO_Cu_Ra0p07P,R-134a,6.0452,0.0,32692.99,0.07,,jabardo,False,1.6732411464901995,
JABARDO_2009,Fig9d_Cu_Ra0p07P,SFC-031,JABARDO_Cu_Ra0p07P,R-134a,6.5079,0.0,40938.13,0.07,,jabardo,False,1.6732411464901995,
JABARDO_2009,Fig9d_Cu_Ra0p07P,SFC-031,JABARDO_Cu_Ra0p07P,R-134a,6.7872,0.0,49412.6,0.07,,jabardo,False,1.6732411464901995,
JABARDO_2009,Fig9d_Cu_Ra0p07P,SFC-031,JABARDO_Cu_Ra0p07P,R-134a,7.2704,0.0,65075.74,0.07,,jabardo,False,1.6732411464901995,
JABARDO_2009,Fig9d_Cu_Ra0p07P,SFC-031,JABARDO_Cu_Ra0p07P,R-134a,7.6387,0.0,80739.74,0.07,,jabardo,False,1.6732411464901995,
JABARDO_2009,Fig9d_Cu_Ra0p07P,SFC-031,JABARDO_Cu_Ra0p07P,R-134a,8.0141,0.0,96564.64,0.07,,jabardo,False,1.6732411464901995,
JABARDO_2009,Fig9d_Cu_Ra0p07P,SFC-031,JABARDO_Cu_Ra0p07P,R-134a,8.4156,0.0,114436.77,0.07,,jabardo,False,1.6732411464901995,
JABARDO_2009,Fig9d_Cu_Ra0p5SP,SFC-034,JABARDO_Cu_Ra0p5SP,R-134a,2.1902,0.0,1602.55,0.5,,jabardo,False,1.701601396007121,
JABARDO_2009,Fig9d_Cu_Ra0p5SP,SFC-034,JABARDO_Cu_Ra0p5SP,R-134a,2.6964,0.0,4418.05,0.5,,jabardo,False,1.701601396007121,
JABARDO_2009,Fig9d_Cu_Ra0p5SP,SFC-034,JABARDO_Cu_Ra0p5SP,R-134a,2.9722,0.0,6555.85,0.5,,jabardo,False,1.701601396007121,
JABARDO_2009,Fig9d_Cu_Ra0p5SP,SFC-034,JABARDO_Cu_Ra0p5SP,R-134a,3.2278,0.0,8323.12,0.5,,jabardo,True,1.701601396007121,"ONB_auto (hint=[3.0,12.0]K)"
JABARDO_2009,Fig9d_Cu_Ra0p5SP,SFC-034,JABARDO_Cu_Ra0p5SP,R-134a,3.6572,0.0,12071.16,0.5,,jabardo,False,1.701601396007121,
JABARDO_2009,Fig9d_Cu_Ra0p5SP,SFC-034,JABARDO_Cu_Ra0p5SP,R-134a,4.0086,0.0,16267.11,0.5,,jabardo,False,1.701601396007121,
JABARDO_2009,Fig9d_Cu_Ra0p5SP,SFC-034,JABARDO_Cu_Ra0p5SP,R-134a,4.8456,0.0,23812.95,0.5,,jabardo,False,1.701601396007121,
JABARDO_2009,Fig9d_Cu_Ra0p5SP,SFC-034,JABARDO_Cu_Ra0p5SP,R-134a,5.3284,0.0,32684.77,0.5,,jabardo,False,1.701601396007121,
JABARDO_2009,Fig9d_Cu_Ra0p5SP,SFC-034,JABARDO_Cu_Ra0p5SP,R-134a,5.9086,0.0,48057.99,0.5,,jabardo,False,1.701601396007121,
JABARDO_2009,Fig9d_Cu_Ra0p5SP,SFC-034,JABARDO_Cu_Ra0p5SP,R-134a,6.3905,0.0,63583.93,0.5,,jabardo,False,1.701601396007121,
JABARDO_2009,Fig9d_Cu_Ra0p5SP,SFC-034,JABARDO_Cu_Ra0p5SP,R-134a,6.7548,0.0,82214.63,0.5,,jabardo,False,1.701601396007121,
JABARDO_2009,Fig9d_Cu_Ra0p5SP,SFC-034,JABARDO_Cu_Ra0p5SP,R-134a,7.0346,0.0,95657.99,0.5,,jabardo,False,1.701601396007121,
JABARDO_2009,Fig9d_Cu_Ra0p5SP,SFC-034,JABARDO_Cu_Ra0p5SP,R-134a,7.3904,0.0,112843.64,0.5,,jabardo,False,1.701601396007121,
JABARDO_2009,Fig9d_Cu_Ra10p5SPI,SFC-038,JABARDO_Cu_Ra10p5SPI,R-134a,2.4296,0.0,4336.83,10.5,,jabardo,True,1.9894709735862688,"ONB_auto (hint=[2.0,8.0]K)"
JABARDO_2009,Fig9d_Cu_Ra10p5SPI,SFC-038,JABARDO_Cu_Ra10p5SPI,R-134a,3.0903,0.0,6320.14,10.5,,jabardo,False,1.9894709735862688,
JABARDO_2009,Fig9d_Cu_Ra10p5SPI,SFC-038,JABARDO_Cu_Ra10p5SPI,R-134a,3.8061,0.0,8480.02,10.5,,jabardo,False,1.9894709735862688,
JABARDO_2009,Fig9d_Cu_Ra10p5SPI,SFC-038,JABARDO_Cu_Ra10p5SPI,R-134a,6.3262,0.0,16813.16,10.5,,jabardo,False,1.9894709735862688,
JABARDO_2009,Fig9d_Cu_Ra10p5SPI,SFC-038,JABARDO_Cu_Ra10p5SPI,R-134a,8.3935,0.0,24058.72,10.5,,jabardo,False,1.9894709735862688,
JABARDO_2009,Fig9d_Cu_Ra10p5SPI,SFC-038,JABARDO_Cu_Ra10p5SPI,R-134a,10.5969,0.0,32430.69,10.5,,jabardo,False,1.9894709735862688,
JABARDO_2009,Fig9d_Cu_Ra10p5SPI,SFC-038,JABARDO_Cu_Ra10p5SPI,R-134a,12.2998,0.0,40802.5,10.5,,jabardo,False,1.9894709735862688,
JABARDO_2009,Fig9d_Cu_Ra10p5SPI,SFC-038,JABARDO_Cu_Ra10p5SPI,R-134a,13.7165,0.0,48582.32,10.5,,jabardo,False,1.9894709735862688,
JABARDO_2009,Fig9d_Cu_Ra10p5SPI,SFC-038,JABARDO_Cu_Ra10p5SPI,R-134a,14.9006,0.0,55503.3,10.5,,jabardo,False,1.9894709735862688,
JABARDO_2009,Fig9d_Cu_Ra10p5SPI,SFC-038,JABARDO_Cu_Ra10p5SPI,R-134a,16.6394,0.0,65183.16,10.5,,jabardo,False,1.9894709735862688,
JABARDO_2009,Fig9d_Cu_Ra10p5SPI,SFC-038,JABARDO_Cu_Ra10p5SPI,R-134a,18.1837,0.0,73789.92,10.5,,jabardo,False,1.9894709735862688,
JABARDO_2009,Fig9d_Cu_Ra10p5SPI,SFC-038,JABARDO_Cu_Ra10p5SPI,R-134a,19.6169,0.0,81637.07,10.5,,jabardo,False,1.9894709735862688,
JABARDO_2009,Fig9d_Cu_Ra10p5SPI,SFC-038,JABARDO_Cu_Ra10p5SPI,R-134a,20.979,0.0,89082.84,10.5,,jabardo,False,1.9894709735862688,
JABARDO_2009,Fig9d_Cu_Ra10p5SPI,SFC-038,JABARDO_Cu_Ra10p5SPI,R-134a,22.7266,0.0,99465.4,10.5,,jabardo,False,1.9894709735862688,
JABARDO_2009,Fig9d_Cu_Ra10p5SPI,SFC-038,JABARDO_Cu_Ra10p5SPI,R-134a,24.2479,0.0,105590.42,10.5,,jabardo,False,1.9894709735862688,
JABARDO_2009,Fig9d_Cu_Ra10p5SPI,SFC-038,JABARDO_Cu_Ra10p5SPI,R-134a,25.6943,0.0,114166.63,10.5,,jabardo,False,1.9894709735862688,
JABARDO_2009,Fig9d_Cu_Ra2p5SPI,SFC-035,JABARDO_Cu_Ra2p5SPI,R-134a,1.4923,0.0,1601.32,2.5,,jabardo,False,1.2890195745628534,"WARN: delta_T=1.49 out of [2,30] K range"
JABARDO_2009,Fig9d_Cu_Ra2p5SPI,SFC-035,JABARDO_Cu_Ra2p5SPI,R-134a,1.8086,0.0,4216.62,2.5,,jabardo,False,1.2890195745628534,"WARN: delta_T=1.81 out of [2,30] K range"
JABARDO_2009,Fig9d_Cu_Ra2p5SPI,SFC-035,JABARDO_Cu_Ra2p5SPI,R-134a,2.0344,0.0,6581.02,2.5,,jabardo,True,1.2890195745628534,"ONB_auto (hint=[2.0,10.0]K)"
JABARDO_2009,Fig9d_Cu_Ra2p5SPI,SFC-035,JABARDO_Cu_Ra2p5SPI,R-134a,2.1654,0.0,8787.1,2.5,,jabardo,False,1.2890195745628534,
JABARDO_2009,Fig9d_Cu_Ra2p5SPI,SFC-035,JABARDO_Cu_Ra2p5SPI,R-134a,2.3649,0.0,12284.0,2.5,,jabardo,False,1.2890195745628534,
JABARDO_2009,Fig9d_Cu_Ra2p5SPI,SFC-035,JABARDO_Cu_Ra2p5SPI,R-134a,2.5802,0.0,16478.03,2.5,,jabardo,False,1.2890195745628534,
JABARDO_2009,Fig9d_Cu_Ra2p5SPI,SFC-035,JABARDO_Cu_Ra2p5SPI,R-134a,2.9129,0.0,24791.4,2.5,,jabardo,False,1.2890195745628534,
JABARDO_2009,Fig9d_Cu_Ra2p5SPI,SFC-035,JABARDO_Cu_Ra2p5SPI,R-134a,3.206,0.0,33717.1,2.5,,jabardo,False,1.2890195745628534,
JABARDO_2009,Fig9d_Cu_Ra2p5SPI,SFC-035,JABARDO_Cu_Ra2p5SPI,R-134a,3.6126,0.0,49124.72,2.5,,jabardo,False,1.2890195745628534,
JABARDO_2009,Fig9d_Cu_Ra2p5SPI,SFC-035,JABARDO_Cu_Ra2p5SPI,R-134a,3.9981,0.0,66506.17,2.5,,jabardo,False,1.2890195745628534,
JABARDO_2009,Fig9d_Cu_Ra2p5SPI,SFC-035,JABARDO_Cu_Ra2p5SPI,R-134a,4.3197,0.0,80279.04,2.5,,jabardo,False,1.2890195745628534,
JABARDO_2009,Fig9d_Cu_Ra2p5SPI,SFC-035,JABARDO_Cu_Ra2p5SPI,R-134a,4.6566,0.0,99151.8,2.5,,jabardo,False,1.2890195745628534,
JABARDO_2009,Fig9d_Cu_Ra2p5SPI,SFC-035,JABARDO_Cu_Ra2p5SPI,R-134a,4.9055,0.0,113790.66,2.5,,jabardo,False,1.2890195745628534,
JABARDO_2009,Fig9d_Cu_Ra4p6SPI,SFC-037,JABARDO_Cu_Ra4p6SPI,R-134a,1.3885,0.0,2207.29,4.6,,jabardo,False,2.169878795596775,"WARN: delta_T=1.39 out of [2,30] K range"
JABARDO_2009,Fig9d_Cu_Ra4p6SPI,SFC-037,JABARDO_Cu_Ra4p6SPI,R-134a,1.8196,0.0,4394.38,4.6,,jabardo,False,2.169878795596775,"WARN: delta_T=1.82 out of [2,30] K range"
JABARDO_2009,Fig9d_Cu_Ra4p6SPI,SFC-037,JABARDO_Cu_Ra4p6SPI,R-134a,2.3324,0.0,8471.75,4.6,,jabardo,True,2.169878795596775,"ONB_auto (hint=[2.0,9.0]K)"
JABARDO_2009,Fig9d_Cu_Ra4p6SPI,SFC-037,JABARDO_Cu_Ra4p6SPI,R-134a,3.1101,0.0,16484.17,4.6,,jabardo,False,2.169878795596775,
JABARDO_2009,Fig9d_Cu_Ra4p6SPI,SFC-037,JABARDO_Cu_Ra4p6SPI,R-134a,3.6424,0.0,24463.49,4.6,,jabardo,False,2.169878795596775,
JABARDO_2009,Fig9d_Cu_Ra4p6SPI,SFC-037,JABARDO_Cu_Ra4p6SPI,R-134a,4.0981,0.0,32667.69,4.6,,jabardo,False,2.169878795596775,
JABARDO_2009,Fig9d_Cu_Ra4p6SPI,SFC-037,JABARDO_Cu_Ra4p6SPI,R-134a,4.4791,0.0,40907.68,4.6,,jabardo,False,2.169878795596775,
JABARDO_2009,Fig9d_Cu_Ra4p6SPI,SFC-037,JABARDO_Cu_Ra4p6SPI,R-134a,4.7731,0.0,48703.15,4.6,,jabardo,False,2.169878795596775,
JABARDO_2009,Fig9d_Cu_Ra4p6SPI,SFC-037,JABARDO_Cu_Ra4p6SPI,R-134a,5.0746,0.0,56409.86,4.6,,jabardo,False,2.169878795596775,
JABARDO_2009,Fig9d_Cu_Ra4p6SPI,SFC-037,JABARDO_Cu_Ra4p6SPI,R-134a,5.3704,0.0,65036.48,4.6,,jabardo,False,2.169878795596775,
JABARDO_2009,Fig9d_Cu_Ra4p6SPI,SFC-037,JABARDO_Cu_Ra4p6SPI,R-134a,5.5925,0.0,71947.68,4.6,,jabardo,False,2.169878795596775,
JABARDO_2009,Fig9d_Cu_Ra4p6SPI,SFC-037,JABARDO_Cu_Ra4p6SPI,R-134a,5.8454,0.0,80696.72,4.6,,jabardo,False,2.169878795596775,
JABARDO_2009,Fig9d_Cu_Ra4p6SPI,SFC-037,JABARDO_Cu_Ra4p6SPI,R-134a,6.0538,0.0,89681.51,4.6,,jabardo,False,2.169878795596775,
JABARDO_2009,Fig9d_Cu_Ra4p6SPI,SFC-037,JABARDO_Cu_Ra4p6SPI,R-134a,6.0651,0.0,92608.05,4.6,,jabardo,False,2.169878795596775,
JABARDO_2009,Fig9d_Cu_Ra4p6SPI,SFC-037,JABARDO_Cu_Ra4p6SPI,R-134a,6.3365,0.0,104346.88,4.6,,jabardo,False,2.169878795596775,
JABARDO_2009,Fig9d_Cu_Ra4p6SPI,SFC-037,JABARDO_Cu_Ra4p6SPI,R-134a,6.52,0.0,111785.28,4.6,,jabardo,False,2.169878795596775,
JONES_2009,Fig3a_EDM10p0,SFC-020,JONES_EDM10p0,water,0.8631,0.0,2265.82,10.0,,jones,False,4.986010580207269,"WARN: delta_T=0.86 out of [2,30] K range"
JONES_2009,Fig3a_EDM10p0,SFC-020,JONES_EDM10p0,water,3.9881,0.0,6617.85,10.0,,jones,True,4.986010580207269,"ONB_auto (hint=[2.0,7.0]K)"
JONES_2009,Fig3a_EDM10p0,SFC-020,JONES_EDM10p0,water,5.5655,0.0,11890.95,10.0,,jones,False,4.986010580207269,
JONES_2009,Fig3a_EDM10p0,SFC-020,JONES_EDM10p0,water,6.4881,0.0,18223.27,10.0,,jones,False,4.986010580207269,
JONES_2009,Fig3a_EDM10p0,SFC-020,JONES_EDM10p0,water,6.8452,0.0,25628.63,10.0,,jones,False,4.986010580207269,
JONES_2009,Fig3a_EDM10p0,SFC-020,JONES_EDM10p0,water,7.381,0.0,33835.31,10.0,,jones,False,4.986010580207269,
JONES_2009,Fig3a_EDM10p0,SFC-020,JONES_EDM10p0,water,7.4405,0.0,42742.01,10.0,,jones,False,4.986010580207269,
JONES_2009,Fig3a_EDM10p0,SFC-020,JONES_EDM10p0,water,7.8274,0.0,53246.75,10.0,,jones,False,4.986010580207269,
JONES_2009,Fig3a_EDM10p0,SFC-020,JONES_EDM10p0,water,8.0952,0.0,64506.77,10.0,,jones,False,4.986010580207269,
JONES_2009,Fig3a_EDM10p0,SFC-020,JONES_EDM10p0,water,8.3333,0.0,77309.57,10.0,,jones,False,4.986010580207269,
JONES_2009,Fig3a_EDM10p0,SFC-020,JONES_EDM10p0,water,8.4226,0.0,90089.34,10.0,,jones,False,4.986010580207269,
JONES_2009,Fig3a_EDM10p0,SFC-020,JONES_EDM10p0,water,8.869,0.0,103698.07,10.0,,jones,False,4.986010580207269,
JONES_2009,Fig3a_EDM10p0,SFC-020,JONES_EDM10p0,water,8.8988,0.0,153605.97,10.0,,jones,False,4.986010580207269,
JONES_2009,Fig3a_EDM10p0,SFC-020,JONES_EDM10p0,water,8.9583,0.0,118798.93,10.0,,jones,False,4.986010580207269,FLAG: non-monotonic at idx 13
JONES_2009,Fig3a_EDM10p0,SFC-020,JONES_EDM10p0,water,9.0179,0.0,136603.11,10.0,,jones,False,4.986010580207269,
JONES_2009,Fig3a_EDM10p0,SFC-020,JONES_EDM10p0,water,9.1071,0.0,171820.02,10.0,,jones,False,4.986010580207269,
JONES_2009,Fig3a_EDM10p0,SFC-020,JONES_EDM10p0,water,9.1964,0.0,210518.56,10.0,,jones,False,4.986010580207269,
JONES_2009,Fig3a_EDM10p0,SFC-020,JONES_EDM10p0,water,9.3155,0.0,191194.62,10.0,,jones,False,4.986010580207269,FLAG: non-monotonic at idx 17
JONES_2009,Fig3a_EDM10p0,SFC-020,JONES_EDM10p0,water,9.4048,0.0,232214.24,10.0,,jones,False,4.986010580207269,
JONES_2009,Fig3a_EDM10p0,SFC-020,JONES_EDM10p0,water,9.5833,0.0,254679.01,10.0,,jones,False,4.986010580207269,
JONES_2009,Fig3a_EDM10p0,SFC-020,JONES_EDM10p0,water,9.7024,0.0,276747.72,10.0,,jones,False,4.986010580207269,
JONES_2009,Fig3a_EDM10p0,SFC-020,JONES_EDM10p0,water,9.8512,0.0,301142.12,10.0,,jones,False,4.986010580207269,
JONES_2009,Fig3a_EDM10p0,SFC-020,JONES_EDM10p0,water,10.0,0.0,327470.76,10.0,,jones,False,4.986010580207269,
JONES_2009,Fig3a_EDM10p0,SFC-020,JONES_EDM10p0,water,10.2381,0.0,354200.06,10.0,,jones,False,4.986010580207269,
JONES_2009,Fig3a_EDM10p0,SFC-020,JONES_EDM10p0,water,10.4464,0.0,385180.07,10.0,,jones,False,4.986010580207269,
JONES_2009,Fig3a_EDM1p08,SFC-017,JONES_EDM1p08,water,1.5774,0.0,3536.89,1.08,,jones,False,5.246169063471644,"WARN: delta_T=1.58 out of [2,30] K range"
JONES_2009,Fig3a_EDM1p08,SFC-017,JONES_EDM1p08,water,4.4643,0.0,6691.54,1.08,,jones,True,5.246169063471644,"ONB_auto (hint=[4.0,10.0]K)"
JONES_2009,Fig3a_EDM1p08,SFC-017,JONES_EDM1p08,water,6.6667,0.0,12061.34,1.08,,jones,False,5.246169063471644,
JONES_2009,Fig3a_EDM1p08,SFC-017,JONES_EDM1p08,water,8.006,0.0,18458.14,1.08,,jones,False,5.246169063471644,
JONES_2009,Fig3a_EDM1p08,SFC-017,JONES_EDM1p08,water,8.3333,0.0,25472.05,1.08,,jones,False,5.246169063471644,
JONES_2009,Fig3a_EDM1p08,SFC-017,JONES_EDM1p08,water,8.8393,0.0,33674.13,1.08,,jones,False,5.246169063471644,
JONES_2009,Fig3a_EDM1p08,SFC-017,JONES_EDM1p08,water,9.1667,0.0,42622.27,1.08,,jones,False,5.246169063471644,
JONES_2009,Fig3a_EDM1p08,SFC-017,JONES_EDM1p08,water,9.494,0.0,52730.96,1.08,,jones,False,5.246169063471644,
JONES_2009,Fig3a_EDM1p08,SFC-017,JONES_EDM1p08,water,9.8512,0.0,64391.64,1.08,,jones,False,5.246169063471644,
JONES_2009,Fig3a_EDM1p08,SFC-017,JONES_EDM1p08,water,10.0893,0.0,76033.9,1.08,,jones,False,5.246169063471644,
JONES_2009,Fig3a_EDM1p08,SFC-017,JONES_EDM1p08,water,10.506,0.0,89251.17,1.08,,jones,False,5.246169063471644,
JONES_2009,Fig3a_EDM1p08,SFC-017,JONES_EDM1p08,water,10.9226,0.0,103629.0,1.08,,jones,False,5.246169063471644,
JONES_2009,Fig3a_EDM1p08,SFC-017,JONES_EDM1p08,water,11.131,0.0,119135.12,1.08,,jones,False,5.246169063471644,
JONES_2009,Fig3a_EDM1p08,SFC-017,JONES_EDM1p08,water,11.5476,0.0,136994.57,1.08,,jones,False,5.246169063471644,
JONES_2009,Fig3a_EDM1p08,SFC-017,JONES_EDM1p08,water,11.756,0.0,152887.54,1.08,,jones,False,5.246169063471644,
JONES_2009,Fig3a_EDM1p08,SFC-017,JONES_EDM1p08,water,11.9643,0.0,171875.29,1.08,,jones,False,5.246169063471644,
JONES_2009,Fig3a_EDM1p08,SFC-017,JONES_EDM1p08,water,12.2619,0.0,190876.85,1.08,,jones,False,5.246169063471644,
JONES_2009,Fig3a_EDM1p08,SFC-017,JONES_EDM1p08,water,12.4107,0.0,211402.78,1.08,,jones,False,5.246169063471644,
JONES_2009,Fig3a_EDM1p08,SFC-017,JONES_EDM1p08,water,12.5893,0.0,231546.47,1.08,,jones,False,5.246169063471644,
JONES_2009,Fig3a_EDM1p08,SFC-017,JONES_EDM1p08,water,12.7381,0.0,254006.63,1.08,,jones,False,5.246169063471644,
JONES_2009,Fig3a_EDM1p08,SFC-017,JONES_EDM1p08,water,13.125,0.0,276890.49,1.08,,jones,False,5.246169063471644,
JONES_2009,Fig3a_EDM1p08,SFC-017,JONES_EDM1p08,water,13.3929,0.0,300916.46,1.08,,jones,False,5.246169063471644,
JONES_2009,Fig3a_EDM1p08,SFC-017,JONES_EDM1p08,water,13.7202,0.0,326885.88,1.08,,jones,False,5.246169063471644,
JONES_2009,Fig3a_EDM1p08,SFC-017,JONES_EDM1p08,water,13.8393,0.0,353596.76,1.08,,jones,False,5.246169063471644,
JONES_2009,Fig3a_EDM1p08,SFC-017,JONES_EDM1p08,water,14.0476,0.0,382642.53,1.08,,jones,False,5.246169063471644,
JONES_2009,Fig3a_EDM2p22,SFC-018,JONES_EDM2p22,water,1.5476,0.0,2758.59,2.22,,jones,False,5.3238335713603,"WARN: delta_T=1.55 out of [2,30] K range"
JONES_2009,Fig3a_EDM2p22,SFC-018,JONES_EDM2p22,water,4.9107,0.0,7147.46,2.22,,jones,True,5.3238335713603,"ONB_auto (hint=[3.0,9.0]K)"
JONES_2009,Fig3a_EDM2p22,SFC-018,JONES_EDM2p22,water,7.3214,0.0,12162.66,2.22,,jones,False,5.3238335713603,
JONES_2009,Fig3a_EDM2p22,SFC-018,JONES_EDM2p22,water,7.9464,0.0,18448.93,2.22,,jones,False,5.3238335713603,
JONES_2009,Fig3a_EDM2p22,SFC-018,JONES_EDM2p22,water,8.5119,0.0,25499.68,2.22,,jones,False,5.3238335713603,
JONES_2009,Fig3a_EDM2p22,SFC-018,JONES_EDM2p22,water,8.8393,0.0,34060.97,2.22,,jones,False,5.3238335713603,
JONES_2009,Fig3a_EDM2p22,SFC-018,JONES_EDM2p22,water,9.1964,0.0,42626.88,2.22,,jones,False,5.3238335713603,
JONES_2009,Fig3a_EDM2p22,SFC-018,JONES_EDM2p22,water,9.4048,0.0,53877.68,2.22,,jones,False,5.3238335713603,
JONES_2009,Fig3a_EDM2p22,SFC-018,JONES_EDM2p22,water,9.7619,0.0,65538.36,2.22,,jones,False,5.3238335713603,
JONES_2009,Fig3a_EDM2p22,SFC-018,JONES_EDM2p22,water,9.881,0.0,76388.51,2.22,,jones,False,5.3238335713603,
JONES_2009,Fig3a_EDM2p22,SFC-018,JONES_EDM2p22,water,10.2976,0.0,90379.48,2.22,,jones,False,5.3238335713603,
JONES_2009,Fig3a_EDM2p22,SFC-018,JONES_EDM2p22,water,10.5952,0.0,104738.88,2.22,,jones,False,5.3238335713603,
JONES_2009,Fig3a_EDM2p22,SFC-018,JONES_EDM2p22,water,10.9524,0.0,120268.03,2.22,,jones,False,5.3238335713603,
JONES_2009,Fig3a_EDM2p22,SFC-018,JONES_EDM2p22,water,11.1012,0.0,136151.79,2.22,,jones,False,5.3238335713603,
JONES_2009,Fig3a_EDM2p22,SFC-018,JONES_EDM2p22,water,11.3988,0.0,155153.36,2.22,,jones,False,5.3238335713603,
JONES_2009,Fig3a_EDM2p22,SFC-018,JONES_EDM2p22,water,11.6369,0.0,173372.02,2.22,,jones,False,5.3238335713603,
JONES_2009,Fig3a_EDM2p22,SFC-018,JONES_EDM2p22,water,11.9048,0.0,192368.98,2.22,,jones,False,5.3238335713603,
JONES_2009,Fig3a_EDM2p22,SFC-018,JONES_EDM2p22,water,12.2321,0.0,212922.54,2.22,,jones,False,5.3238335713603,
JONES_2009,Fig3a_EDM2p22,SFC-018,JONES_EDM2p22,water,12.4702,0.0,232688.59,2.22,,jones,False,5.3238335713603,
JONES_2009,Fig3a_EDM2p22,SFC-018,JONES_EDM2p22,water,12.7976,0.0,255176.38,2.22,,jones,False,5.3238335713603,
JONES_2009,Fig3a_EDM2p22,SFC-018,JONES_EDM2p22,water,13.125,0.0,277664.18,2.22,,jones,False,5.3238335713603,
JONES_2009,Fig3a_EDM2p22,SFC-018,JONES_EDM2p22,water,13.4524,0.0,301699.36,2.22,,jones,False,5.3238335713603,
JONES_2009,Fig3a_EDM2p22,SFC-018,JONES_EDM2p22,water,13.7798,0.0,328829.33,2.22,,jones,False,5.3238335713603,
JONES_2009,Fig3a_EDM2p22,SFC-018,JONES_EDM2p22,water,14.0774,0.0,356341.53,2.22,,jones,False,5.3238335713603,
JONES_2009,Fig3a_EDM2p22,SFC-018,JONES_EDM2p22,water,14.3452,0.0,382301.74,2.22,,jones,False,5.3238335713603,
JONES_2009,Fig3a_EDM5p89,SFC-019,JONES_EDM5p89,water,0.119,0.0,603.3,5.89,,jones,False,5.381077268525468,"WARN: delta_T=0.12 out of [2,30] K range; FLAG: q_flux=603 out of [1e3, 5e6] W/m2 range"
JONES_2009,Fig3a_EDM5p89,SFC-019,JONES_EDM5p89,water,1.8452,0.0,2417.79,5.89,,jones,False,5.381077268525468,"WARN: delta_T=1.85 out of [2,30] K range"
JONES_2009,Fig3a_EDM5p89,SFC-019,JONES_EDM5p89,water,5.0298,0.0,7165.88,5.89,,jones,True,5.381077268525468,"ONB_auto (hint=[2.0,8.0]K)"
JONES_2009,Fig3a_EDM5p89,SFC-019,JONES_EDM5p89,water,6.9345,0.0,11329.1,5.89,,jones,False,5.381077268525468,
JONES_2009,Fig3a_EDM5p89,SFC-019,JONES_EDM5p89,water,8.244,0.0,18108.13,5.89,,jones,False,5.381077268525468,
JONES_2009,Fig3a_EDM5p89,SFC-019,JONES_EDM5p89,water,9.0774,0.0,25587.18,5.89,,jones,False,5.381077268525468,
JONES_2009,Fig3a_EDM5p89,SFC-019,JONES_EDM5p89,water,9.6429,0.0,33798.47,5.89,,jones,False,5.381077268525468,
JONES_2009,Fig3a_EDM5p89,SFC-019,JONES_EDM5p89,water,10.0595,0.0,42760.43,5.89,,jones,False,5.381077268525468,
JONES_2009,Fig3a_EDM5p89,SFC-019,JONES_EDM5p89,water,10.506,0.0,53274.39,5.89,,jones,False,5.381077268525468,
JONES_2009,Fig3a_EDM5p89,SFC-019,JONES_EDM5p89,water,10.9226,0.0,64557.43,5.89,,jones,False,5.381077268525468,
JONES_2009,Fig3a_EDM5p89,SFC-019,JONES_EDM5p89,water,11.1607,0.0,76973.38,5.89,,jones,False,5.381077268525468,
JONES_2009,Fig3a_EDM5p89,SFC-019,JONES_EDM5p89,water,11.1607,0.0,90513.03,5.89,,jones,False,5.381077268525468,
JONES_2009,Fig3a_EDM5p89,SFC-019,JONES_EDM5p89,water,11.4583,0.0,104098.74,5.89,,jones,False,5.381077268525468,
JONES_2009,Fig3a_EDM5p89,SFC-019,JONES_EDM5p89,water,11.875,0.0,120023.95,5.89,,jones,False,5.381077268525468,
JONES_2009,Fig3a_EDM5p89,SFC-019,JONES_EDM5p89,water,12.0536,0.0,136686.01,5.89,,jones,False,5.381077268525468,
JONES_2009,Fig3a_EDM5p89,SFC-019,JONES_EDM5p89,water,12.0536,0.0,153707.29,5.89,,jones,False,5.381077268525468,
JONES_2009,Fig3a_EDM5p89,SFC-019,JONES_EDM5p89,water,12.2619,0.0,171534.49,5.89,,jones,False,5.381077268525468,
JONES_2009,Fig3a_EDM5p89,SFC-019,JONES_EDM5p89,water,12.2917,0.0,190881.46,5.89,,jones,False,5.381077268525468,
JONES_2009,Fig3a_EDM5p89,SFC-019,JONES_EDM5p89,water,12.5298,0.0,210647.51,5.89,,jones,False,5.381077268525468,
JONES_2009,Fig3a_EDM5p89,SFC-019,JONES_EDM5p89,water,12.5595,0.0,233089.25,5.89,,jones,False,5.381077268525468,
JONES_2009,Fig3a_EDM5p89,SFC-019,JONES_EDM5p89,water,12.7976,0.0,256336.93,5.89,,jones,False,5.381077268525468,
JONES_2009,Fig3a_EDM5p89,SFC-019,JONES_EDM5p89,water,13.0655,0.0,278815.51,5.89,,jones,False,5.381077268525468,
JONES_2009,Fig3a_EDM5p89,SFC-019,JONES_EDM5p89,water,13.2738,0.0,303219.12,5.89,,jones,False,5.381077268525468,
JONES_2009,Fig3a_EDM5p89,SFC-019,JONES_EDM5p89,water,13.5417,0.0,328018.79,5.89,,jones,False,5.381077268525468,
JONES_2009,Fig3a_EDM5p89,SFC-019,JONES_EDM5p89,water,13.75,0.0,355517.18,5.89,,jones,False,5.381077268525468,
JONES_2009,Fig3a_EDM5p89,SFC-019,JONES_EDM5p89,water,13.9583,0.0,381855.02,5.89,,jones,False,5.381077268525468,
JONES_2009,Fig3a_Polished,SFC-015,JONES_Polished_w,water,1.0714,0.0,3071.75,0.038,,jones_w,False,4.986742000370281,"WARN: delta_T=1.07 out of [2,30] K range"
JONES_2009,Fig3a_Polished,SFC-015,JONES_Polished_w,water,3.9286,0.0,6608.64,0.038,,jones_w,False,4.986742000370281,
JONES_2009,Fig3a_Polished,SFC-015,JONES_Polished_w,water,7.8274,0.0,11080.41,0.038,,jones_w,False,4.986742000370281,
JONES_2009,Fig3a_Polished,SFC-015,JONES_Polished_w,water,11.1905,0.0,18564.06,0.038,,jones_w,True,4.986742000370281,"ONB_auto (hint=[8.0,14.0]K)"
JONES_2009,Fig3a_Polished,SFC-015,JONES_Polished_w,water,12.8869,0.0,25016.12,0.038,,jones_w,False,4.986742000370281,
JONES_2009,Fig3a_Polished,SFC-015,JONES_Polished_w,water,13.0357,0.0,33162.94,0.038,,jones_w,False,4.986742000370281,
JONES_2009,Fig3a_Polished,SFC-015,JONES_Polished_w,water,13.7202,0.0,42553.19,0.038,,jones_w,False,4.986742000370281,
JONES_2009,Fig3a_Polished,SFC-015,JONES_Polished_w,water,14.9702,0.0,52417.79,0.038,,jones_w,False,4.986742000370281,
JONES_2009,Fig3a_Polished,SFC-015,JONES_Polished_w,water,15.3571,0.0,63696.23,0.038,,jones_w,False,4.986742000370281,
JONES_2009,Fig3a_Polished,SFC-015,JONES_Polished_w,water,15.744,0.0,76135.21,0.038,,jones_w,False,4.986742000370281,
JONES_2009,Fig3a_Polished,SFC-015,JONES_Polished_w,water,16.5476,0.0,90572.9,0.038,,jones_w,False,4.986742000370281,
JONES_2009,Fig3a_Polished,SFC-015,JONES_Polished_w,water,16.6369,0.0,119213.41,0.038,,jones_w,False,4.986742000370281,
JONES_2009,Fig3a_Polished,SFC-015,JONES_Polished_w,water,16.8155,0.0,103380.31,0.038,,jones_w,False,4.986742000370281,FLAG: non-monotonic at idx 12
JONES_2009,Fig3a_Polished,SFC-015,JONES_Polished_w,water,17.7381,0.0,134470.85,0.038,,jones_w,False,4.986742000370281,
JONES_2009,Fig3a_Polished,SFC-015,JONES_Polished_w,water,17.9464,0.0,151524.36,0.038,,jones_w,False,4.986742000370281,
JONES_2009,Fig3a_Polished,SFC-015,JONES_Polished_w,water,18.4524,0.0,170558.17,0.038,,jones_w,False,4.986742000370281,
JONES_2009,Fig3a_Polished,SFC-015,JONES_Polished_w,water,19.0476,0.0,188832.09,0.038,,jones_w,False,4.986742000370281,
JONES_2009,Fig3a_Polished,SFC-015,JONES_Polished_w,water,19.4048,0.0,210550.8,0.038,,jones_w,False,4.986742000370281,
JONES_2009,Fig3a_Polished,SFC-015,JONES_Polished_w,water,20.1488,0.0,230781.98,0.038,,jones_w,False,4.986742000370281,
JONES_2009,Fig3a_Polished,SFC-015,JONES_Polished_w,water,20.6845,0.0,277286.54,0.038,,jones_w,False,4.986742000370281,
JONES_2009,Fig3a_Polished,SFC-015,JONES_Polished_w,water,20.9524,0.0,253343.47,0.038,,jones_w,False,4.986742000370281,FLAG: non-monotonic at idx 20
JONES_2009,Fig3a_Polished,SFC-015,JONES_Polished_w,water,21.1607,0.0,300184.21,0.038,,jones_w,False,4.986742000370281,
JONES_2009,Fig3a_Polished,SFC-015,JONES_Polished_w,water,21.5774,0.0,326167.45,0.038,,jones_w,False,4.986742000370281,
JONES_2009,Fig3a_Polished,SFC-015,JONES_Polished_w,water,21.6667,0.0,352873.72,0.038,,jones_w,False,4.986742000370281,
JONES_2009,Fig3a_Polished,SFC-015,JONES_Polished_w,water,22.1131,0.0,380022.11,0.038,,jones_w,False,4.986742000370281,
JONES_2009,Fig4a_EDM10p0,SFC-020,JONES_EDM10p0,FC-77,0.4858,0.0,1166.76,10.0,,jones,False,4.986010580207269,"WARN: delta_T=0.49 out of [2,30] K range"
JONES_2009,Fig4a_EDM10p0,SFC-020,JONES_EDM10p0,FC-77,1.7409,0.0,1523.4,10.0,,jones,False,4.986010580207269,"WARN: delta_T=1.74 out of [2,30] K range"
JONES_2009,Fig4a_EDM10p0,SFC-020,JONES_EDM10p0,FC-77,2.915,0.0,1685.58,10.0,,jones,False,4.986010580207269,
JONES_2009,Fig4a_EDM10p0,SFC-020,JONES_EDM10p0,FC-77,3.2389,0.0,2266.57,10.0,,jones,False,4.986010580207269,
JONES_2009,Fig4a_EDM10p0,SFC-020,JONES_EDM10p0,FC-77,3.4413,0.0,3835.39,10.0,,jones,True,4.986010580207269,ONB_manual (was idx=2)
JONES_2009,Fig4a_EDM10p0,SFC-020,JONES_EDM10p0,FC-77,3.7652,0.0,4416.38,10.0,,jones,False,4.986010580207269,
JONES_2009,Fig4a_EDM10p0,SFC-020,JONES_EDM10p0,FC-77,4.17,0.0,4994.98,10.0,,jones,False,4.986010580207269,
JONES_2009,Fig4a_EDM10p0,SFC-020,JONES_EDM10p0,FC-77,4.332,0.0,5383.9,10.0,,jones,False,4.986010580207269,
JONES_2009,Fig4a_EDM10p0,SFC-020,JONES_EDM10p0,FC-77,4.6154,0.0,5769.23,10.0,,jones,False,4.986010580207269,
JONES_2009,Fig4a_EDM10p0,SFC-020,JONES_EDM10p0,FC-77,5.0202,0.0,7135.23,10.0,,jones,False,4.986010580207269,
JONES_2009,Fig4a_EDM10p0,SFC-020,JONES_EDM10p0,FC-77,5.1822,0.0,8705.25,10.0,,jones,False,4.986010580207269,
JONES_2009,Fig4a_EDM10p0,SFC-020,JONES_EDM10p0,FC-77,5.4251,0.0,10272.88,10.0,,jones,False,4.986010580207269,
JONES_2009,Fig4a_EDM10p0,SFC-020,JONES_EDM10p0,FC-77,5.668,0.0,11643.66,10.0,,jones,False,4.986010580207269,
JONES_2009,Fig4a_EDM10p0,SFC-020,JONES_EDM10p0,FC-77,5.83,0.0,13410.53,10.0,,jones,False,4.986010580207269,
JONES_2009,Fig4a_EDM10p0,SFC-020,JONES_EDM10p0,FC-77,5.9919,0.0,15767.96,10.0,,jones,False,4.986010580207269,
JONES_2009,Fig4a_EDM10p0,SFC-020,JONES_EDM10p0,FC-77,6.1943,0.0,16746.23,10.0,,jones,False,4.986010580207269,
JONES_2009,Fig4a_EDM10p0,SFC-020,JONES_EDM10p0,FC-77,6.1943,0.0,18517.88,10.0,,jones,False,4.986010580207269,
JONES_2009,Fig4a_EDM10p0,SFC-020,JONES_EDM10p0,FC-77,6.3563,0.0,21465.86,10.0,,jones,False,4.986010580207269,
JONES_2009,Fig4a_EDM10p0,SFC-020,JONES_EDM10p0,FC-77,6.5587,0.0,24412.64,10.0,,jones,False,4.986010580207269,
JONES_2009,Fig4a_EDM10p0,SFC-020,JONES_EDM10p0,FC-77,6.8016,0.0,26964.52,10.0,,jones,False,4.986010580207269,
JONES_2009,Fig4a_EDM10p0,SFC-020,JONES_EDM10p0,FC-77,6.9636,0.0,31093.6,10.0,,jones,False,4.986010580207269,
JONES_2009,Fig4a_EDM10p0,SFC-020,JONES_EDM10p0,FC-77,7.166,0.0,35024.63,10.0,,jones,False,4.986010580207269,
JONES_2009,Fig4a_EDM10p0,SFC-020,JONES_EDM10p0,FC-77,7.3684,0.0,39546.21,10.0,,jones,False,4.986010580207269,
JONES_2009,Fig4a_EDM10p0,SFC-020,JONES_EDM10p0,FC-77,7.5304,0.0,45250.09,10.0,,jones,False,4.986010580207269,
JONES_2009,Fig4a_EDM10p0,SFC-020,JONES_EDM10p0,FC-77,7.8138,0.0,50950.38,10.0,,jones,False,4.986010580207269,
JONES_2009,Fig4a_EDM10p0,SFC-020,JONES_EDM10p0,FC-77,8.0567,0.0,57242.42,10.0,,jones,False,4.986010580207269,
JONES_2009,Fig4a_EDM10p0,SFC-020,JONES_EDM10p0,FC-77,8.3401,0.0,63336.41,10.0,,jones,False,4.986010580207269,
JONES_2009,Fig4a_EDM10p0,SFC-020,JONES_EDM10p0,FC-77,8.6235,0.0,68249.31,10.0,,jones,False,4.986010580207269,
JONES_2009,Fig4a_EDM10p0,SFC-020,JONES_EDM10p0,FC-77,8.9879,0.0,75718.86,10.0,,jones,False,4.986010580207269,
JONES_2009,Fig4a_EDM10p0,SFC-020,JONES_EDM10p0,FC-77,9.2308,0.0,83388.86,10.0,,jones,False,4.986010580207269,
JONES_2009,Fig4a_EDM10p0,SFC-020,JONES_EDM10p0,FC-77,9.5142,0.0,90663.95,10.0,,jones,False,4.986010580207269,
JONES_2009,Fig4a_EDM10p0,SFC-020,JONES_EDM10p0,FC-77,9.7571,0.0,98137.09,10.0,,jones,False,4.986010580207269,
JONES_2009,Fig4a_EDM10p0,SFC-020,JONES_EDM10p0,FC-77,9.919,0.0,103053.57,10.0,,jones,False,4.986010580207269,
JONES_2009,Fig4a_EDM10p0,SFC-020,JONES_EDM10p0,FC-77,10.1215,0.0,108559.41,10.0,,jones,False,4.986010580207269,
JONES_2009,Fig4a_EDM10p0,SFC-020,JONES_EDM10p0,FC-77,10.4049,0.0,115834.5,10.0,,jones,False,4.986010580207269,
JONES_2009,Fig4a_EDM10p0,SFC-020,JONES_EDM10p0,FC-77,10.5668,0.0,121341.53,10.0,,jones,False,4.986010580207269,
JONES_2009,Fig4a_EDM10p0,SFC-020,JONES_EDM10p0,FC-77,10.7692,0.0,126453.66,10.0,,jones,False,4.986010580207269,
JONES_2009,Fig4a_EDM10p0,SFC-020,JONES_EDM10p0,FC-77,11.0121,0.0,135107.91,10.0,,jones,False,4.986010580207269,
JONES_2009,Fig4a_EDM10p0,SFC-020,JONES_EDM10p0,FC-77,11.2146,0.0,143566.5,10.0,,jones,False,4.986010580207269,
JONES_2009,Fig4a_EDM10p0,SFC-020,JONES_EDM10p0,FC-77,11.498,0.0,149857.34,10.0,,jones,False,4.986010580207269,
JONES_2009,Fig4a_EDM10p0,SFC-020,JONES_EDM10p0,FC-77,11.7814,0.0,159297.79,10.0,,jones,False,4.986010580207269,
JONES_2009,Fig4a_EDM10p0,SFC-020,JONES_EDM10p0,FC-77,12.0648,0.0,165391.79,10.0,,jones,False,4.986010580207269,
JONES_2009,Fig4a_EDM10p0,SFC-020,JONES_EDM10p0,FC-77,12.3482,0.0,171485.78,10.0,,jones,False,4.986010580207269,
JONES_2009,Fig4a_EDM10p0,SFC-020,JONES_EDM10p0,FC-77,12.6316,0.0,180926.23,10.0,,jones,False,4.986010580207269,
JONES_2009,Fig4a_EDM1p08,SFC-017,JONES_EDM1p08,FC-77,4.0486,0.0,471.01,1.08,,jones,False,5.246169063471644,"FLAG: q_flux=471 out of [1e3, 5e6] W/m2 range"
JONES_2009,Fig4a_EDM1p08,SFC-017,JONES_EDM1p08,FC-77,4.9798,0.0,1230.91,1.08,,jones,False,5.246169063471644,
JONES_2009,Fig4a_EDM1p08,SFC-017,JONES_EDM1p08,FC-77,5.6275,0.0,1605.49,1.08,,jones,False,5.246169063471644,
JONES_2009,Fig4a_EDM1p08,SFC-017,JONES_EDM1p08,FC-77,6.6397,0.0,2953.55,1.08,,jones,False,5.246169063471644,
JONES_2009,Fig4a_EDM1p08,SFC-017,JONES_EDM1p08,FC-77,7.4089,0.0,5293.04,1.08,,jones,False,5.246169063471644,
JONES_2009,Fig4a_EDM1p08,SFC-017,JONES_EDM1p08,FC-77,7.8138,0.0,7249.59,1.08,,jones,False,5.246169063471644,
JONES_2009,Fig4a_EDM1p08,SFC-017,JONES_EDM1p08,FC-77,8.0567,0.0,9407.78,1.08,,jones,True,5.246169063471644,ONB_manual (was idx=1)
JONES_2009,Fig4a_EDM1p08,SFC-017,JONES_EDM1p08,FC-77,8.2186,0.0,11371.5,1.08,,jones,False,5.246169063471644,
JONES_2009,Fig4a_EDM1p08,SFC-017,JONES_EDM1p08,FC-77,8.664,0.0,13917.4,1.08,,jones,False,5.246169063471644,
JONES_2009,Fig4a_EDM1p08,SFC-017,JONES_EDM1p08,FC-77,8.7045,0.0,18837.47,1.08,,jones,False,5.246169063471644,
JONES_2009,Fig4a_EDM1p08,SFC-017,JONES_EDM1p08,FC-77,8.7449,0.0,15883.52,1.08,,jones,False,5.246169063471644,FLAG: non-monotonic at idx 11
JONES_2009,Fig4a_EDM1p08,SFC-017,JONES_EDM1p08,FC-77,8.8664,0.0,21588.59,1.08,,jones,False,5.246169063471644,
JONES_2009,Fig4a_EDM1p08,SFC-017,JONES_EDM1p08,FC-77,8.9474,0.0,24342.11,1.08,,jones,False,5.246169063471644,
JONES_2009,Fig4a_EDM1p08,SFC-017,JONES_EDM1p08,FC-77,9.0688,0.0,28078.68,1.08,,jones,False,5.246169063471644,
JONES_2009,Fig4a_EDM1p08,SFC-017,JONES_EDM1p08,FC-77,9.1498,0.0,31029.04,1.08,,jones,False,5.246169063471644,
JONES_2009,Fig4a_EDM1p08,SFC-017,JONES_EDM1p08,FC-77,9.2713,0.0,35553.01,1.08,,jones,False,5.246169063471644,
JONES_2009,Fig4a_EDM1p08,SFC-017,JONES_EDM1p08,FC-77,9.5142,0.0,39679.7,1.08,,jones,False,5.246169063471644,
JONES_2009,Fig4a_EDM1p08,SFC-017,JONES_EDM1p08,FC-77,10.2024,0.0,54620.01,1.08,,jones,False,5.246169063471644,
JONES_2009,Fig4a_EDM1p08,SFC-017,JONES_EDM1p08,FC-77,10.4453,0.0,60912.05,1.08,,jones,False,5.246169063471644,
JONES_2009,Fig4a_EDM1p08,SFC-017,JONES_EDM1p08,FC-77,10.6883,0.0,67400.94,1.08,,jones,False,5.246169063471644,
JONES_2009,Fig4a_EDM1p08,SFC-017,JONES_EDM1p08,FC-77,10.9312,0.0,72118.17,1.08,,jones,False,5.246169063471644,
JONES_2009,Fig4a_EDM1p08,SFC-017,JONES_EDM1p08,FC-77,11.1336,0.0,78805.11,1.08,,jones,False,5.246169063471644,
JONES_2009,Fig4a_EDM1p08,SFC-017,JONES_EDM1p08,FC-77,11.3765,0.0,85687.7,1.08,,jones,False,5.246169063471644,
JONES_2009,Fig4a_EDM1p08,SFC-017,JONES_EDM1p08,FC-77,11.5385,0.0,90604.18,1.08,,jones,False,5.246169063471644,
JONES_2009,Fig4a_EDM1p08,SFC-017,JONES_EDM1p08,FC-77,11.7814,0.0,95715.12,1.08,,jones,False,5.246169063471644,
JONES_2009,Fig4a_EDM1p08,SFC-017,JONES_EDM1p08,FC-77,12.0243,0.0,103778.81,1.08,,jones,False,5.246169063471644,
JONES_2009,Fig4a_EDM1p08,SFC-017,JONES_EDM1p08,FC-77,12.1862,0.0,111844.89,1.08,,jones,False,5.246169063471644,
JONES_2009,Fig4a_EDM1p08,SFC-017,JONES_EDM1p08,FC-77,12.4696,0.0,120497.94,1.08,,jones,False,5.246169063471644,
JONES_2009,Fig4a_EDM1p08,SFC-017,JONES_EDM1p08,FC-77,12.6721,0.0,126397.48,1.08,,jones,False,5.246169063471644,
JONES_2009,Fig4a_EDM1p08,SFC-017,JONES_EDM1p08,FC-77,12.8745,0.0,135052.92,1.08,,jones,False,5.246169063471644,
JONES_2009,Fig4a_EDM1p08,SFC-017,JONES_EDM1p08,FC-77,13.1174,0.0,141148.11,1.08,,jones,False,5.246169063471644,
JONES_2009,Fig4a_EDM1p08,SFC-017,JONES_EDM1p08,FC-77,13.3603,0.0,149999.2,1.08,,jones,False,5.246169063471644,
JONES_2009,Fig4a_EDM1p08,SFC-017,JONES_EDM1p08,FC-77,13.5628,0.0,156686.14,1.08,,jones,False,5.246169063471644,
JONES_2009,Fig4a_EDM1p08,SFC-017,JONES_EDM1p08,FC-77,13.8462,0.0,165732.89,1.08,,jones,False,5.246169063471644,
JONES_2009,Fig4a_EDM1p08,SFC-017,JONES_EDM1p08,FC-77,14.1296,0.0,172220.58,1.08,,jones,False,5.246169063471644,
JONES_2009,Fig4a_EDM1p08,SFC-017,JONES_EDM1p08,FC-77,14.413,0.0,178511.43,1.08,,jones,False,5.246169063471644,
JONES_2009,Fig4a_EDM1p08,SFC-017,JONES_EDM1p08,FC-77,14.6559,0.0,183031.81,1.08,,jones,False,5.246169063471644,
JONES_2009,Fig4a_EDM1p08,SFC-017,JONES_EDM1p08,FC-77,15.0607,0.0,188531.67,1.08,,jones,False,5.246169063471644,
JONES_2009,Fig4a_EDM2p22,SFC-018,JONES_EDM2p22,FC-77,3.3198,0.0,492.52,2.22,,jones,False,5.3238335713603,"FLAG: q_flux=493 out of [1e3, 5e6] W/m2 range"
JONES_2009,Fig4a_EDM2p22,SFC-018,JONES_EDM2p22,FC-77,5.1417,0.0,241.88,2.22,,jones,False,5.3238335713603,"FLAG: q_flux=242 out of [1e3, 5e6] W/m2 range; FLAG: non-monotonic at idx 1"
JONES_2009,Fig4a_EDM2p22,SFC-018,JONES_EDM2p22,FC-77,5.9109,0.0,2581.37,2.22,,jones,False,5.3238335713603,
JONES_2009,Fig4a_EDM2p22,SFC-018,JONES_EDM2p22,FC-77,6.1943,0.0,3557.25,2.22,,jones,False,5.3238335713603,
JONES_2009,Fig4a_EDM2p22,SFC-018,JONES_EDM2p22,FC-77,6.4777,0.0,4533.14,2.22,,jones,False,5.3238335713603,
JONES_2009,Fig4a_EDM2p22,SFC-018,JONES_EDM2p22,FC-77,6.7611,0.0,5902.72,2.22,,jones,False,5.3238335713603,
JONES_2009,Fig4a_EDM2p22,SFC-018,JONES_EDM2p22,FC-77,6.8826,0.0,7473.94,2.22,,jones,False,5.3238335713603,
JONES_2009,Fig4a_EDM2p22,SFC-018,JONES_EDM2p22,FC-77,6.9231,0.0,9638.1,2.22,,jones,True,5.3238335713603,ONB_manual (was idx=0)
JONES_2009,Fig4a_EDM2p22,SFC-018,JONES_EDM2p22,FC-77,7.166,0.0,10812.03,2.22,,jones,False,5.3238335713603,
JONES_2009,Fig4a_EDM2p22,SFC-018,JONES_EDM2p22,FC-77,7.3279,0.0,12775.75,2.22,,jones,False,5.3238335713603,
JONES_2009,Fig4a_EDM2p22,SFC-018,JONES_EDM2p22,FC-77,7.5709,0.0,14343.38,2.22,,jones,False,5.3238335713603,
JONES_2009,Fig4a_EDM2p22,SFC-018,JONES_EDM2p22,FC-77,7.6113,0.0,16310.69,2.22,,jones,False,5.3238335713603,
JONES_2009,Fig4a_EDM2p22,SFC-018,JONES_EDM2p22,FC-77,7.7328,0.0,19259.86,2.22,,jones,False,5.3238335713603,
JONES_2009,Fig4a_EDM2p22,SFC-018,JONES_EDM2p22,FC-77,8.0162,0.0,22204.25,2.22,,jones,False,5.3238335713603,
JONES_2009,Fig4a_EDM2p22,SFC-018,JONES_EDM2p22,FC-77,8.0972,0.0,24564.06,2.22,,jones,False,5.3238335713603,
JONES_2009,Fig4a_EDM2p22,SFC-018,JONES_EDM2p22,FC-77,8.2186,0.0,28497.48,2.22,,jones,False,5.3238335713603,
JONES_2009,Fig4a_EDM2p22,SFC-018,JONES_EDM2p22,FC-77,8.3401,0.0,31249.8,2.22,,jones,False,5.3238335713603,
JONES_2009,Fig4a_EDM2p22,SFC-018,JONES_EDM2p22,FC-77,8.6235,0.0,35768.99,2.22,,jones,False,5.3238335713603,
JONES_2009,Fig4a_EDM2p22,SFC-018,JONES_EDM2p22,FC-77,8.7045,0.0,39703.61,2.22,,jones,False,5.3238335713603,
JONES_2009,Fig4a_EDM2p22,SFC-018,JONES_EDM2p22,FC-77,8.9474,0.0,45011.4,2.22,,jones,False,5.3238335713603,
JONES_2009,Fig4a_EDM2p22,SFC-018,JONES_EDM2p22,FC-77,9.1093,0.0,48353.07,2.22,,jones,False,5.3238335713603,
JONES_2009,Fig4a_EDM2p22,SFC-018,JONES_EDM2p22,FC-77,9.3927,0.0,54840.77,2.22,,jones,False,5.3238335713603,
JONES_2009,Fig4a_EDM2p22,SFC-018,JONES_EDM2p22,FC-77,9.6356,0.0,60935.96,2.22,,jones,False,5.3238335713603,
JONES_2009,Fig4a_EDM2p22,SFC-018,JONES_EDM2p22,FC-77,9.8785,0.0,67621.7,2.22,,jones,False,5.3238335713603,
JONES_2009,Fig4a_EDM2p22,SFC-018,JONES_EDM2p22,FC-77,10.1215,0.0,72338.93,2.22,,jones,False,5.3238335713603,
JONES_2009,Fig4a_EDM2p22,SFC-018,JONES_EDM2p22,FC-77,10.2834,0.0,79223.92,2.22,,jones,False,5.3238335713603,
JONES_2009,Fig4a_EDM2p22,SFC-018,JONES_EDM2p22,FC-77,10.5668,0.0,86105.31,2.22,,jones,False,5.3238335713603,
JONES_2009,Fig4a_EDM2p22,SFC-018,JONES_EDM2p22,FC-77,10.7287,0.0,91021.79,2.22,,jones,False,5.3238335713603,
JONES_2009,Fig4a_EDM2p22,SFC-018,JONES_EDM2p22,FC-77,10.9717,0.0,97313.83,2.22,,jones,False,5.3238335713603,
JONES_2009,Fig4a_EDM2p22,SFC-018,JONES_EDM2p22,FC-77,11.1336,0.0,104001.96,2.22,,jones,False,5.3238335713603,
JONES_2009,Fig4a_EDM2p22,SFC-018,JONES_EDM2p22,FC-77,11.4575,0.0,112260.11,2.22,,jones,False,5.3238335713603,
JONES_2009,Fig4a_EDM2p22,SFC-018,JONES_EDM2p22,FC-77,11.6194,0.0,120523.05,2.22,,jones,False,5.3238335713603,
JONES_2009,Fig4a_EDM2p22,SFC-018,JONES_EDM2p22,FC-77,11.8219,0.0,126422.58,2.22,,jones,False,5.3238335713603,
JONES_2009,Fig4a_EDM2p22,SFC-018,JONES_EDM2p22,FC-77,12.0243,0.0,135274.87,2.22,,jones,False,5.3238335713603,
JONES_2009,Fig4a_EDM2p22,SFC-018,JONES_EDM2p22,FC-77,12.2672,0.0,141566.91,2.22,,jones,False,5.3238335713603,
JONES_2009,Fig4a_EDM2p22,SFC-018,JONES_EDM2p22,FC-77,12.4696,0.0,150419.2,2.22,,jones,False,5.3238335713603,
JONES_2009,Fig4a_EDM2p22,SFC-018,JONES_EDM2p22,FC-77,12.7935,0.0,156512.0,2.22,,jones,False,5.3238335713603,
JONES_2009,Fig4a_EDM2p22,SFC-018,JONES_EDM2p22,FC-77,13.0364,0.0,165756.8,2.22,,jones,False,5.3238335713603,
JONES_2009,Fig4a_EDM2p22,SFC-018,JONES_EDM2p22,FC-77,13.4413,0.0,172044.06,2.22,,jones,False,5.3238335713603,
JONES_2009,Fig4a_EDM2p22,SFC-018,JONES_EDM2p22,FC-77,13.8462,0.0,178725.02,2.22,,jones,False,5.3238335713603,
JONES_2009,Fig4a_EDM2p22,SFC-018,JONES_EDM2p22,FC-77,14.2915,0.0,183436.27,2.22,,jones,False,5.3238335713603,
JONES_2009,Fig4a_EDM2p22,SFC-018,JONES_EDM2p22,FC-77,14.4939,0.0,186383.05,2.22,,jones,False,5.3238335713603,
JONES_2009,Fig4a_EDM5p89,SFC-019,JONES_EDM5p89,FC-77,1.417,0.0,548.71,5.89,,jones,False,5.381077268525468,"WARN: delta_T=1.42 out of [2,30] K range; FLAG: q_flux=549 out of [1e3, 5e6] W/m2 range"
JONES_2009,Fig4a_EDM5p89,SFC-019,JONES_EDM5p89,FC-77,2.5506,0.0,908.94,5.89,,jones,False,5.381077268525468,"FLAG: q_flux=909 out of [1e3, 5e6] W/m2 range"
JONES_2009,Fig4a_EDM5p89,SFC-019,JONES_EDM5p89,FC-77,3.1579,0.0,1284.71,5.89,,jones,False,5.381077268525468,
JONES_2009,Fig4a_EDM5p89,SFC-019,JONES_EDM5p89,FC-77,3.6437,0.0,1664.06,5.89,,jones,False,5.381077268525468,
JONES_2009,Fig4a_EDM5p89,SFC-019,JONES_EDM5p89,FC-77,4.0891,0.0,2241.46,5.89,,jones,False,5.381077268525468,
JONES_2009,Fig4a_EDM5p89,SFC-019,JONES_EDM5p89,FC-77,4.4534,0.0,2427.56,5.89,,jones,False,5.381077268525468,
JONES_2009,Fig4a_EDM5p89,SFC-019,JONES_EDM5p89,FC-77,4.8178,0.0,3007.35,5.89,,jones,False,5.381077268525468,
JONES_2009,Fig4a_EDM5p89,SFC-019,JONES_EDM5p89,FC-77,5.1012,0.0,4573.78,5.89,,jones,False,5.381077268525468,
JONES_2009,Fig4a_EDM5p89,SFC-019,JONES_EDM5p89,FC-77,5.4656,0.0,5744.13,5.89,,jones,True,5.381077268525468,ONB_manual (was idx=1)
JONES_2009,Fig4a_EDM5p89,SFC-019,JONES_EDM5p89,FC-77,5.7085,0.0,6327.5,5.89,,jones,False,5.381077268525468,
JONES_2009,Fig4a_EDM5p89,SFC-019,JONES_EDM5p89,FC-77,5.83,0.0,7701.87,5.89,,jones,False,5.381077268525468,
JONES_2009,Fig4a_EDM5p89,SFC-019,JONES_EDM5p89,FC-77,6.0324,0.0,9467.55,5.89,,jones,False,5.381077268525468,
JONES_2009,Fig4a_EDM5p89,SFC-019,JONES_EDM5p89,FC-77,6.1538,0.0,11038.76,5.89,,jones,False,5.381077268525468,
JONES_2009,Fig4a_EDM5p89,SFC-019,JONES_EDM5p89,FC-77,6.3563,0.0,13001.29,5.89,,jones,False,5.381077268525468,
JONES_2009,Fig4a_EDM5p89,SFC-019,JONES_EDM5p89,FC-77,6.5992,0.0,15356.32,5.89,,jones,False,5.381077268525468,
JONES_2009,Fig4a_EDM5p89,SFC-019,JONES_EDM5p89,FC-77,6.6802,0.0,17519.29,5.89,,jones,False,5.381077268525468,
JONES_2009,Fig4a_EDM5p89,SFC-019,JONES_EDM5p89,FC-77,6.6802,0.0,19684.64,5.89,,jones,False,5.381077268525468,
JONES_2009,Fig4a_EDM5p89,SFC-019,JONES_EDM5p89,FC-77,6.9231,0.0,22039.67,5.89,,jones,False,5.381077268525468,
JONES_2009,Fig4a_EDM5p89,SFC-019,JONES_EDM5p89,FC-77,7.166,0.0,24985.26,5.89,,jones,False,5.381077268525468,
JONES_2009,Fig4a_EDM5p89,SFC-019,JONES_EDM5p89,FC-77,7.247,0.0,27935.62,5.89,,jones,False,5.381077268525468,
JONES_2009,Fig4a_EDM5p89,SFC-019,JONES_EDM5p89,FC-77,7.4089,0.0,31867.85,5.89,,jones,False,5.381077268525468,
JONES_2009,Fig4a_EDM5p89,SFC-019,JONES_EDM5p89,FC-77,7.5304,0.0,36194.97,5.89,,jones,False,5.381077268525468,
JONES_2009,Fig4a_EDM5p89,SFC-019,JONES_EDM5p89,FC-77,8.2996,0.0,48376.98,5.89,,jones,False,5.381077268525468,
JONES_2009,Fig4a_EDM5p89,SFC-019,JONES_EDM5p89,FC-77,8.502,0.0,54670.22,5.89,,jones,False,5.381077268525468,
JONES_2009,Fig4a_EDM5p89,SFC-019,JONES_EDM5p89,FC-77,8.7854,0.0,61157.91,5.89,,jones,False,5.381077268525468,
JONES_2009,Fig4a_EDM5p89,SFC-019,JONES_EDM5p89,FC-77,9.0283,0.0,67449.95,5.89,,jones,False,5.381077268525468,
JONES_2009,Fig4a_EDM5p89,SFC-019,JONES_EDM5p89,FC-77,9.3117,0.0,73543.94,5.89,,jones,False,5.381077268525468,
JONES_2009,Fig4a_EDM5p89,SFC-019,JONES_EDM5p89,FC-77,9.5547,0.0,79245.43,5.89,,jones,False,5.381077268525468,
JONES_2009,Fig4a_EDM5p89,SFC-019,JONES_EDM5p89,FC-77,9.7571,0.0,86129.22,5.89,,jones,False,5.381077268525468,
JONES_2009,Fig4a_EDM5p89,SFC-019,JONES_EDM5p89,FC-77,9.9595,0.0,89863.4,5.89,,jones,False,5.381077268525468,
JONES_2009,Fig4a_EDM5p89,SFC-019,JONES_EDM5p89,FC-77,10.2429,0.0,98122.75,5.89,,jones,False,5.381077268525468,
JONES_2009,Fig4a_EDM5p89,SFC-019,JONES_EDM5p89,FC-77,10.4049,0.0,103826.63,5.89,,jones,False,5.381077268525468,
JONES_2009,Fig4a_EDM5p89,SFC-019,JONES_EDM5p89,FC-77,10.6883,0.0,111889.13,5.89,,jones,False,5.381077268525468,
JONES_2009,Fig4a_EDM5p89,SFC-019,JONES_EDM5p89,FC-77,11.0121,0.0,120147.28,5.89,,jones,False,5.381077268525468,
JONES_2009,Fig4a_EDM5p89,SFC-019,JONES_EDM5p89,FC-77,11.2146,0.0,126243.66,5.89,,jones,False,5.381077268525468,
JONES_2009,Fig4a_EDM5p89,SFC-019,JONES_EDM5p89,FC-77,11.417,0.0,134899.1,5.89,,jones,False,5.381077268525468,
JONES_2009,Fig4a_EDM5p89,SFC-019,JONES_EDM5p89,FC-77,11.7409,0.0,141976.15,5.89,,jones,False,5.381077268525468,
JONES_2009,Fig4a_EDM5p89,SFC-019,JONES_EDM5p89,FC-77,11.9838,0.0,150236.7,5.89,,jones,False,5.381077268525468,
JONES_2009,Fig4a_EDM5p89,SFC-019,JONES_EDM5p89,FC-77,12.1862,0.0,156333.08,5.89,,jones,False,5.381077268525468,
JONES_2009,Fig4a_EDM5p89,SFC-019,JONES_EDM5p89,FC-77,12.5506,0.0,165377.44,5.89,,jones,False,5.381077268525468,
JONES_2009,Fig4a_EDM5p89,SFC-019,JONES_EDM5p89,FC-77,12.753,0.0,171867.53,5.89,,jones,False,5.381077268525468,
JONES_2009,Fig4a_EDM5p89,SFC-019,JONES_EDM5p89,FC-77,13.2389,0.0,181302.0,5.89,,jones,False,5.381077268525468,
JONES_2009,Fig4a_Polished,SFC-016,JONES_Polished_F,FC-77,1.5385,0.0,1726.23,0.027,,jones_F,False,,"WARN: delta_T=1.54 out of [2,30] K range"
JONES_2009,Fig4a_Polished,SFC-016,JONES_Polished_F,FC-77,6.4372,0.0,1581.58,0.027,,jones_F,False,,FLAG: non-monotonic at idx 1
JONES_2009,Fig4a_Polished,SFC-016,JONES_Polished_F,FC-77,8.502,0.0,3882.81,0.027,,jones_F,True,,"ONB_auto (hint=[8.0,14.0]K)"
JONES_2009,Fig4a_Polished,SFC-016,JONES_Polished_F,FC-77,10.5668,0.0,4806.1,0.027,,jones_F,False,,
JONES_2009,Fig4a_Polished,SFC-016,JONES_Polished_F,FC-77,12.4291,0.0,5932.21,0.027,,jones_F,False,,
JONES_2009,Fig4a_Polished,SFC-016,JONES_Polished_F,FC-77,14.2915,0.0,7255.17,0.027,,jones_F,False,,
JONES_2009,Fig4a_Polished,SFC-016,JONES_Polished_F,FC-77,16.0324,0.0,8581.72,0.027,,jones_F,False,,
JONES_2009,Fig4a_Polished,SFC-016,JONES_Polished_F,FC-77,17.5709,0.0,9717.4,0.027,,jones_F,False,,
JONES_2009,Fig4a_Polished,SFC-016,JONES_Polished_F,FC-77,18.502,0.0,11461.55,0.027,,jones_F,False,,
JONES_2009,Fig4a_Polished,SFC-016,JONES_Polished_F,FC-77,19.3927,0.0,11828.96,0.027,,jones_F,False,,
JONES_2009,Fig4a_Polished,SFC-016,JONES_Polished_F,FC-77,20.1215,0.0,13382.24,0.027,,jones_F,False,,
JONES_2009,Fig4a_Polished,SFC-016,JONES_Polished_F,FC-77,20.9312,0.0,16704.79,0.027,,jones_F,False,,
JONES_2009,Fig4a_Polished,SFC-016,JONES_Polished_F,FC-77,21.9028,0.0,19235.15,0.027,,jones_F,False,,
JONES_2009,Fig4a_Polished,SFC-016,JONES_Polished_F,FC-77,22.4291,0.0,21778.67,0.027,,jones_F,False,,
JONES_2009,Fig4a_Polished,SFC-016,JONES_Polished_F,FC-77,22.915,0.0,25504.48,0.027,,jones_F,False,,
JONES_2009,Fig4a_Polished,SFC-016,JONES_Polished_F,FC-77,23.2794,0.0,28249.63,0.027,,jones_F,False,,
JONES_2009,Fig4a_Polished,SFC-016,JONES_Polished_F,FC-77,23.6437,0.0,32963.28,0.027,,jones_F,False,,
JONES_2009,Fig4a_Polished,SFC-016,JONES_Polished_F,FC-77,24.0891,0.0,36493.43,0.027,,jones_F,False,,
JONES_2009,Fig4a_Polished,SFC-016,JONES_Polished_F,FC-77,24.332,0.0,41801.22,0.027,,jones_F,False,,
JONES_2009,Fig4a_Polished,SFC-016,JONES_Polished_F,FC-77,24.5749,0.0,45337.36,0.027,,jones_F,False,,
JONES_2009,Fig4a_Polished,SFC-016,JONES_Polished_F,FC-77,25.0202,0.0,51426.57,0.027,,jones_F,False,,
JONES_2009,Fig4a_Polished,SFC-016,JONES_Polished_F,FC-77,25.5466,0.0,58103.94,0.027,,jones_F,False,,
JONES_2009,Fig4a_Polished,SFC-016,JONES_Polished_F,FC-77,26.0729,0.0,64387.61,0.027,,jones_F,False,,
JONES_2009,Fig4a_Polished,SFC-016,JONES_Polished_F,FC-77,26.6397,0.0,68898.43,0.027,,jones_F,False,,
JONES_2009,Fig4a_Polished,SFC-016,JONES_Polished_F,FC-77,27.1255,0.0,75577.0,0.027,,jones_F,False,,
JONES_2009,Fig4a_Polished,SFC-016,JONES_Polished_F,FC-77,27.6518,0.0,82254.38,0.027,,jones_F,False,,
JONES_2009,Fig4a_Polished,SFC-016,JONES_Polished_F,FC-77,28.3401,0.0,87352.16,0.027,,jones_F,False,,
JONES_2009,Fig4a_Polished,SFC-016,JONES_Polished_F,FC-77,29.1093,0.0,92053.86,0.027,,jones_F,False,,
JO_2011,Fig3_Hydrophilic,SFC-008,JO_Hydrophilic,water,4.6522,0.0,13026.72,0.00175,54.0,jo,False,3.4540148735419796,
JO_2011,Fig3_Hydrophilic,SFC-008,JO_Hydrophilic,water,8.913,0.0,28243.06,0.00175,54.0,jo,False,3.4540148735419796,
JO_2011,Fig3_Hydrophilic,SFC-008,JO_Hydrophilic,water,10.6522,0.0,36833.94,0.00175,54.0,jo,True,3.4540148735419796,ONB_manual (preserved)
JO_2011,Fig3_Hydrophilic,SFC-008,JO_Hydrophilic,water,14.4348,0.0,57856.47,0.00175,54.0,jo,False,3.4540148735419796,
JO_2011,Fig3_Hydrophilic,SFC-008,JO_Hydrophilic,water,15.6087,0.0,80932.43,0.00175,54.0,jo,False,3.4540148735419796,
JO_2011,Fig3_Hydrophilic,SFC-008,JO_Hydrophilic,water,22.7826,0.0,268538.5,0.00175,54.0,jo,False,3.4540148735419796,
JO_2011,Fig3_Hydrophobic,SFC-009,JO_Hydrophobic,water,1.6957,0.0,7386.07,0.00175,123.0,jo,True,3.077488480848617,"WARN: delta_T=1.70 out of [2,30] K range; ONB_manual (preserved)"
JO_2011,Fig3_Hydrophobic,SFC-009,JO_Hydrophobic,water,3.913,0.0,16917.76,0.00175,123.0,jo,False,3.077488480848617,
JO_2011,Fig3_Hydrophobic,SFC-009,JO_Hydrophobic,water,5.6087,0.0,32257.73,0.00175,123.0,jo,False,3.077488480848617,
JO_2011,Fig3_Hydrophobic,SFC-009,JO_Hydrophobic,water,7.9565,0.0,55277.11,0.00175,123.0,jo,False,3.077488480848617,
JO_2011,Fig3_Hydrophobic,SFC-009,JO_Hydrophobic,water,10.2174,0.0,83119.96,0.00175,123.0,jo,False,3.077488480848617,
JO_2011,Fig3_Hydrophobic,SFC-009,JO_Hydrophobic,water,14.3913,0.0,132075.43,0.00175,123.0,jo,False,3.077488480848617,
JO_2011,Fig3_Hydrophobic,SFC-009,JO_Hydrophobic,water,18.913,0.0,176194.87,0.00175,123.0,jo,False,3.077488480848617,
JO_2011,Fig3_Hydrophobic,SFC-009,JO_Hydrophobic,water,27.6957,0.0,209506.55,0.00175,123.0,jo,False,3.077488480848617,
PHAN_2009,Fig12a_theta22,SFC-010,PHAN_SiOx,water,16.0686,15.0,21688.95,0.03,22.0,phan,False,2.472421095566124,
PHAN_2009,Fig12a_theta22,SFC-010,PHAN_SiOx,water,18.3749,15.0,31061.64,0.03,22.0,phan,False,2.472421095566124,
PHAN_2009,Fig12a_theta22,SFC-010,PHAN_SiOx,water,18.9556,15.0,127923.38,0.03,22.0,phan,True,2.472421095566124,ONB_manual (preserved)
PHAN_2009,Fig12a_theta22,SFC-010,PHAN_SiOx,water,19.5401,15.0,87645.16,0.03,22.0,phan,False,2.472421095566124,FLAG: non-monotonic at idx 3
PHAN_2009,Fig12a_theta22,SFC-010,PHAN_SiOx,water,19.9206,15.0,174353.58,0.03,22.0,phan,False,2.472421095566124,
PHAN_2009,Fig12a_theta22,SFC-010,PHAN_SiOx,water,21.5108,15.0,228560.15,0.03,22.0,phan,False,2.472421095566124,
PHAN_2009,Fig12a_theta22,SFC-010,PHAN_SiOx,water,22.6381,15.0,42083.29,0.03,22.0,phan,False,2.472421095566124,FLAG: non-monotonic at idx 6
PHAN_2009,Fig12a_theta22,SFC-010,PHAN_SiOx,water,22.9804,15.0,285226.12,0.03,22.0,phan,False,2.472421095566124,
PHAN_2009,Fig12a_theta22,SFC-010,PHAN_SiOx,water,24.2311,15.0,308904.33,0.03,22.0,phan,False,2.472421095566124,
PHAN_2009,Fig12a_theta22,SFC-010,PHAN_SiOx,water,27.0744,15.0,57185.21,0.03,22.0,phan,False,2.472421095566124,FLAG: non-monotonic at idx 9
PHAN_2009,Fig12a_theta22,SFC-010,PHAN_SiOx,water,29.3197,15.0,71871.38,0.03,22.0,phan,False,2.472421095566124,
PHAN_2009,Fig12a_theta31,SFC-011,PHAN_TiO2,water,14.7124,15.0,59479.7,0.03,31.0,phan,True,3.1943758426959845,ONB_manual (preserved)
PHAN_2009,Fig12a_theta31,SFC-011,PHAN_TiO2,water,17.1264,15.0,93695.4,0.03,31.0,phan,False,3.1943758426959845,
PHAN_2009,Fig12a_theta31,SFC-011,PHAN_TiO2,water,18.4335,15.0,22109.95,0.03,31.0,phan,False,3.1943758426959845,FLAG: non-monotonic at idx 2
PHAN_2009,Fig12a_theta31,SFC-011,PHAN_TiO2,water,21.8488,15.0,132882.5,0.03,31.0,phan,False,3.1943758426959845,
PHAN_2009,Fig12a_theta31,SFC-011,PHAN_TiO2,water,22.3624,15.0,181761.57,0.03,31.0,phan,False,3.1943758426959845,
PHAN_2009,Fig12a_theta31,SFC-011,PHAN_TiO2,water,24.1359,15.0,235171.74,0.03,31.0,phan,False,3.1943758426959845,
PHAN_2009,Fig12a_theta31,SFC-011,PHAN_TiO2,water,26.4758,15.0,298398.41,0.03,31.0,phan,False,3.1943758426959845,
PHAN_2009,Fig12a_theta31,SFC-011,PHAN_TiO2,water,27.7197,15.0,44963.69,0.03,31.0,phan,False,3.1943758426959845,FLAG: non-monotonic at idx 7
PHAN_2009,Fig12a_theta31,SFC-011,PHAN_TiO2,water,28.3919,15.0,334324.46,0.03,31.0,phan,False,3.1943758426959845,
PHAN_2009,Fig12a_theta67,SFC-012,PHAN_Pt,water,18.6591,15.0,72164.33,0.03,67.0,phan,False,2.440026887565634,
PHAN_2009,Fig12a_theta67,SFC-012,PHAN_Pt,water,20.7103,15.0,88887.13,0.03,67.0,phan,False,2.440026887565634,
PHAN_2009,Fig12a_theta67,SFC-012,PHAN_Pt,water,24.1133,15.0,126004.28,0.03,67.0,phan,False,2.440026887565634,
PHAN_2009,Fig12a_theta67,SFC-012,PHAN_Pt,water,24.6211,15.0,22134.51,0.03,67.0,phan,False,2.440026887565634,FLAG: non-monotonic at idx 3
PHAN_2009,Fig12a_theta67,SFC-012,PHAN_Pt,water,24.8896,15.0,172459.04,0.03,67.0,phan,True,2.440026887565634,ONB_manual (preserved)
PHAN_2009,Fig12a_theta67,SFC-012,PHAN_Pt,water,25.4158,15.0,31507.21,0.03,67.0,phan,False,2.440026887565634,FLAG: non-monotonic at idx 5
PHAN_2009,Fig12a_theta67,SFC-012,PHAN_Pt,water,26.8203,15.0,226286.71,0.03,67.0,phan,False,2.440026887565634,
PHAN_2009,Fig12a_theta67,SFC-012,PHAN_Pt,water,28.2455,15.0,303753.99,0.03,67.0,phan,False,2.440026887565634,
PHAN_2009,Fig12a_theta67,SFC-012,PHAN_Pt,water,28.3327,15.0,282971.97,0.03,67.0,phan,False,2.440026887565634,FLAG: non-monotonic at idx 8
PHAN_2009,Fig12a_theta80,SFC-013,PHAN_Fe2O3,water,13.5093,15.0,66763.15,0.03,80.0,phan,True,2.8891936323323044,ONB_manual (preserved)
PHAN_2009,Fig12a_theta80,SFC-013,PHAN_Fe2O3,water,15.2356,15.0,83070.2,0.03,80.0,phan,False,2.8891936323323044,
PHAN_2009,Fig12a_theta80,SFC-013,PHAN_Fe2O3,water,15.866,15.0,20061.05,0.03,80.0,phan,False,2.8891936323323044,FLAG: non-monotonic at idx 2
PHAN_2009,Fig12a_theta80,SFC-013,PHAN_Fe2O3,water,17.7297,15.0,118934.85,0.03,80.0,phan,False,2.8891936323323044,
PHAN_2009,Fig12a_theta80,SFC-013,PHAN_Fe2O3,water,19.7685,15.0,164172.19,0.03,80.0,phan,False,2.8891936323323044,
PHAN_2009,Fig12a_theta80,SFC-013,PHAN_Fe2O3,water,20.2364,15.0,214665.12,0.03,80.0,phan,False,2.8891936323323044,
PHAN_2009,Fig12a_theta80,SFC-013,PHAN_Fe2O3,water,20.2399,15.0,29446.02,0.03,80.0,phan,False,2.8891936323323044,FLAG: non-monotonic at idx 6
PHAN_2009,Fig12a_theta80,SFC-013,PHAN_Fe2O3,water,21.444,15.0,267645.51,0.03,80.0,phan,False,2.8891936323323044,
PHAN_2009,Fig12a_theta80,SFC-013,PHAN_Fe2O3,water,22.2577,15.0,287229.41,0.03,80.0,phan,False,2.8891936323323044,
PHAN_2009,Fig12a_theta80,SFC-013,PHAN_Fe2O3,water,23.2428,15.0,39236.22,0.03,80.0,phan,False,2.8891936323323044,FLAG: non-monotonic at idx 9
PHAN_2009,Fig12a_theta80,SFC-013,PHAN_Fe2O3,water,26.802,15.0,54331.12,0.03,80.0,phan,False,2.8891936323323044,
PHAN_2009,Fig12a_theta85,SFC-014,PHAN_ref,water,12.2663,15.0,82151.0,0.03,85.0,phan,True,2.4818698285516385,ONB_manual (preserved)
PHAN_2009,Fig12a_theta85,SFC-014,PHAN_ref,water,12.4679,15.0,20845.17,0.03,85.0,phan,False,2.4818698285516385,FLAG: non-monotonic at idx 1
PHAN_2009,Fig12a_theta85,SFC-014,PHAN_ref,water,12.8842,15.0,100047.36,0.03,85.0,phan,False,2.4818698285516385,
PHAN_2009,Fig12a_theta85,SFC-014,PHAN_ref,water,15.2388,15.0,140392.24,0.03,85.0,phan,False,2.4818698285516385,
PHAN_2009,Fig12a_theta85,SFC-014,PHAN_ref,water,16.0278,15.0,185973.41,0.03,85.0,phan,False,2.4818698285516385,
PHAN_2009,Fig12a_theta85,SFC-014,PHAN_ref,water,17.4169,15.0,237713.57,0.03,85.0,phan,False,2.4818698285516385,
PHAN_2009,Fig12a_theta85,SFC-014,PHAN_ref,water,19.0973,15.0,40020.35,0.03,85.0,phan,False,2.4818698285516385,FLAG: non-monotonic at idx 6
PHAN_2009,Fig12a_theta85,SFC-014,PHAN_ref,water,19.7289,15.0,296456.51,0.03,85.0,phan,False,2.4818698285516385,
PHAN_2009,Fig12a_theta85,SFC-014,PHAN_ref,water,22.0674,15.0,51852.44,0.03,85.0,phan,False,2.4818698285516385,FLAG: non-monotonic at idx 8
PHAN_2009,Fig12a_theta85,SFC-014,PHAN_ref,water,23.3049,15.0,68154.23,0.03,85.0,phan,False,2.4818698285516385,
PHAN_2009,Fig12a_theta85,SFC-014,PHAN_ref,water,24.689,15.0,74278.15,0.03,85.0,phan,False,2.4818698285516385,
